WeekStart,Open,High,Low,Close,AdjClose,Volume
1/1/1995,459.21,462.49,457.20,460.68,460.68,1199080000
1/8/1995,460.67,466.43,458.65,465.97,465.97,1627330000
1/15/1995,465.97,470.43,463.99,464.78,464.78,1667400000
1/22/1995,464.78,471.36,461.14,470.39,470.39,1628110000
1/29/1995,470.39,479.91,467.49,478.65,478.65,1888560000
2/5/1995,478.64,482.60,478.36,481.46,481.46,1579920000
2/12/1995,481.46,485.54,480.89,481.97,481.97,1643990000
2/19/1995,481.95,489.19,481.94,488.11,488.11,1344760000
2/26/1995,488.26,488.26,483.07,485.42,485.42,1626480000
3/5/1995,485.42,490.37,479.70,489.57,489.57,1706460000
3/12/1995,489.57,496.67,489.35,495.52,495.52,1685030000
3/19/1995,495.52,500.97,493.67,500.97,500.97,1658870000
3/26/1995,500.97,508.15,495.70,500.71,500.71,1718570000
4/2/1995,500.70,507.19,500.20,506.42,506.42,1577400000
4/9/1995,506.30,509.83,504.61,509.23,509.23,1201100000
4/16/1995,509.23,512.03,501.19,508.49,508.49,1828360000
4/23/1995,508.49,515.29,507.44,514.71,514.71,1700170000
4/30/1995,514.76,525.40,513.03,520.12,520.12,1769130000
5/7/1995,520.09,527.05,519.14,525.55,525.55,1736000000
5/14/1995,525.55,529.08,517.07,519.19,519.19,1736260000
5/21/1995,519.19,531.91,519.19,523.65,523.65,1673100000
5/28/1995,523.65,536.91,521.38,532.51,532.51,1353120000
6/4/1995,532.51,537.73,526.00,527.94,527.94,1623250000
6/11/1995,527.94,539.98,527.94,539.83,539.83,1737790000
6/18/1995,539.83,551.07,539.83,549.71,549.71,1846230000
6/25/1995,549.71,549.79,540.72,544.75,544.75,1636460000
7/2/1995,544.75,556.57,544.43,556.37,556.37,1362790000
7/9/1995,556.37,562.00,553.80,559.89,559.89,1903260000
7/16/1995,560.34,562.94,542.51,553.62,553.62,1999830000
7/23/1995,553.62,565.40,553.62,562.93,562.93,1750130000
7/30/1995,562.93,565.62,554.10,558.94,558.94,1666340000
8/6/1995,558.94,561.59,553.04,555.11,555.11,1461040000
8/13/1995,555.11,561.24,554.76,559.21,559.21,1660110000
8/20/1995,559.21,563.34,555.20,560.10,560.10,1441170000
8/27/1995,560.10,564.62,555.71,563.84,563.84,1466640000
9/3/1995,563.86,572.68,563.84,572.68,572.68,1341870000
9/10/1995,572.68,585.07,572.68,583.35,583.35,1868010000
9/17/1995,583.35,586.79,578.25,581.73,581.73,1835200000
9/24/1995,581.73,587.61,574.68,584.41,584.41,1751020000
10/1/1995,584.41,585.05,578.48,582.49,582.49,1711470000
10/8/1995,582.49,587.39,571.55,584.50,584.50,1747510000
10/15/1995,584.50,590.66,581.90,587.46,587.46,1864380000
10/22/1995,587.46,587.46,572.53,579.70,579.70,2023410000
10/29/1995,579.70,590.57,579.70,590.57,590.57,1820210000
11/5/1995,590.57,593.90,584.24,592.72,592.72,1713010000
11/12/1995,592.72,600.14,588.36,600.07,600.07,1886840000
11/19/1995,600.07,600.71,595.42,599.97,599.97,1272320000
11/26/1995,599.97,608.69,599.02,606.98,606.98,1999630000
12/3/1995,606.98,621.11,606.84,617.48,617.48,1967780000
12/10/1995,617.48,622.88,614.46,616.34,616.34,2209320000
12/17/1995,616.34,616.34,605.05,611.95,611.95,2047640000
12/24/1995,611.96,615.93,611.96,615.93,615.93,1079490000
12/31/1995,615.93,624.49,612.02,616.71,616.71,1782820000
1/7/1996,616.71,619.15,597.29,601.81,601.81,1836790000
1/14/1996,601.81,612.92,598.47,611.83,611.83,2138250000
1/21/1996,611.83,621.70,610.65,621.62,621.62,2130300000
1/28/1996,621.62,639.26,621.42,635.84,635.84,2181340000
2/4/1996,635.84,661.08,633.71,656.37,656.37,2259040000
2/11/1996,656.37,664.23,646.99,647.98,647.98,2122110000
2/18/1996,647.98,663.00,638.79,659.08,659.08,1755730000
2/25/1996,659.08,659.08,635.00,644.37,644.37,2203110000
3/3/1996,644.37,656.97,627.63,633.50,633.50,2263530000
3/10/1996,633.50,644.17,628.82,641.43,641.43,2340110000
3/17/1996,641.43,656.18,641.43,650.62,650.62,1981750000
3/24/1996,650.62,655.50,644.89,645.50,645.50,1927330000
3/31/1996,645.50,656.68,645.50,655.86,655.86,1568780000
4/7/1996,655.86,655.86,624.14,636.71,636.71,2246730000
4/14/1996,636.71,647.32,636.71,645.07,645.07,2115720000
4/21/1996,645.07,656.43,645.07,653.46,653.46,2206930000
4/28/1996,653.46,656.44,640.23,641.63,641.63,2019010000
5/5/1996,641.63,653.00,630.07,652.09,652.09,2114730000
5/12/1996,652.09,669.84,652.09,668.91,668.91,2123620000
5/19/1996,668.91,681.10,667.64,678.51,678.51,1979280000
5/26/1996,678.51,679.98,664.56,669.12,669.12,1421920000
6/2/1996,669.12,680.32,662.48,673.31,673.31,1997520000
6/9/1996,673.31,676.72,664.35,665.85,665.85,1928310000
6/16/1996,665.85,668.27,658.75,666.84,666.84,2016710000
6/23/1996,666.84,672.68,661.56,670.63,670.63,1988300000
6/30/1996,670.63,675.88,657.41,657.44,657.44,1251480000
7/7/1996,657.44,657.65,639.52,646.19,646.19,2106290000
7/14/1996,646.19,646.19,605.88,638.73,638.73,2498360000
7/21/1996,638.73,638.73,616.43,635.90,635.90,1967520000
7/28/1996,635.90,662.49,629.22,662.49,662.49,1907400000
8/4/1996,662.49,665.37,656.83,662.10,662.10,1710720000
8/11/1996,662.10,666.34,658.47,665.21,665.21,1679700000
8/18/1996,665.21,670.68,662.16,667.03,667.03,1640820000
8/25/1996,667.03,667.41,650.52,651.99,651.99,1467890000
9/1/1996,651.99,658.21,643.97,655.68,655.68,1407170000
9/8/1996,655.68,681.39,655.68,680.54,680.54,1948550000
9/15/1996,680.54,687.07,679.06,687.03,687.03,2194530000
9/22/1996,687.03,690.88,681.01,686.19,686.19,2125250000
9/29/1996,686.19,701.74,684.44,701.46,701.46,2100690000
10/6/1996,701.46,705.76,693.34,700.66,700.66,2015270000
10/13/1996,700.66,711.04,699.07,710.82,710.82,2173960000
10/20/1996,710.82,714.10,700.53,700.92,700.92,2054200000
10/27/1996,700.92,708.60,696.22,703.77,703.77,2213630000
11/3/1996,703.77,730.82,702.84,730.82,730.82,2299900000
11/10/1996,730.82,741.92,728.03,737.62,737.62,2264990000
11/17/1996,737.62,748.73,734.39,748.73,748.73,2338040000
11/24/1996,748.73,762.12,747.99,757.02,757.02,1395410000
12/1/1996,757.02,761.75,726.89,739.60,739.60,2411490000
12/8/1996,739.60,753.43,721.97,728.64,728.64,2273360000
12/15/1996,728.64,755.41,716.69,748.87,748.87,2648640000
12/22/1996,748.87,758.75,743.28,756.79,756.79,1016860000
12/29/1996,756.79,759.20,729.55,748.03,748.03,1655020000
1/5/1997,748.03,759.65,742.18,759.50,759.50,2728300000
1/12/1997,759.50,776.37,756.69,776.17,776.17,2573920000
1/19/1997,776.17,794.67,768.17,770.52,770.52,2828970000
1/26/1997,770.52,791.86,761.75,786.16,786.16,2588440000
2/2/1997,786.16,792.71,773.43,789.56,789.56,2611220000
2/9/1997,789.56,812.93,780.95,808.48,808.48,2603820000
2/16/1997,808.48,817.68,799.99,801.77,801.77,1964130000
2/23/1997,801.77,812.85,788.50,790.82,790.82,2536760000
3/2/1997,790.82,808.19,785.66,804.97,804.97,2556190000
3/9/1997,804.97,814.90,789.44,793.17,793.17,2451330000
3/16/1997,793.17,797.18,778.04,784.10,784.10,2634410000
3/23/1997,784.10,798.11,767.32,773.88,773.88,1922950000
3/30/1997,773.88,773.88,744.04,757.90,757.90,2592450000
4/6/1997,757.90,769.53,737.64,737.65,737.65,2222250000
4/13/1997,737.65,768.55,733.54,766.34,766.34,2385690000
4/20/1997,766.34,779.89,756.38,765.37,765.37,2302140000
4/27/1997,765.37,812.99,763.30,812.97,812.97,2468380000
5/4/1997,812.97,832.29,811.80,824.78,824.78,2643480000
5/11/1997,824.78,842.45,824.78,829.75,829.75,2399040000
5/18/1997,829.75,848.49,826.41,847.03,847.03,2180690000
5/25/1997,847.03,851.87,831.87,848.28,848.28,1923290000
6/1/1997,848.28,859.24,838.82,858.01,858.01,2371310000
6/8/1997,858.01,894.69,858.01,893.27,893.27,2675070000
6/15/1997,893.27,901.77,886.19,898.70,898.70,2639080000
6/22/1997,898.70,902.09,878.43,887.30,887.30,2610950000
6/29/1997,887.30,917.82,879.82,916.92,916.92,2007380000
7/6/1997,916.92,923.26,902.48,916.68,916.68,2685290000
7/13/1997,916.68,939.32,912.02,915.30,915.30,2950680000
7/20/1997,915.30,945.65,907.12,938.79,938.79,2748550000
7/27/1997,938.79,957.73,932.56,947.14,947.14,2641510000
8/3/1997,947.14,964.17,925.74,933.54,933.54,2686360000
8/10/1997,933.54,942.99,900.81,900.81,900.81,2635140000
8/17/1997,900.81,939.47,893.34,923.54,923.54,2540390000
8/24/1997,923.55,930.93,896.82,899.47,899.47,2230460000
8/31/1997,899.47,940.37,899.47,929.05,929.05,2136640000
9/7/1997,929.05,938.90,902.56,923.91,923.91,2605420000
9/14/1997,923.91,958.19,919.41,950.51,950.51,2892830000
9/21/1997,950.51,960.59,937.38,945.22,945.22,2683510000
9/28/1997,945.22,975.47,941.94,965.03,965.03,2761390000
10/5/1997,965.03,983.12,963.34,966.98,966.98,2673220000
10/12/1997,966.98,973.46,931.58,944.16,944.16,2592430000
10/19/1997,944.16,972.61,937.55,941.64,941.64,3030580000
10/26/1997,941.64,941.64,855.27,914.62,914.62,4024240000
11/2/1997,914.62,949.62,914.62,927.51,927.51,2764880000
11/9/1997,927.51,935.90,900.61,928.35,928.35,2774860000
11/16/1997,928.35,964.55,928.35,963.09,963.09,2854250000
11/23/1997,963.09,963.09,944.71,955.40,955.40,1779630000
11/30/1997,955.40,986.25,955.40,983.79,983.79,2988090000
12/7/1997,983.79,985.67,947.00,953.39,953.39,2842790000
12/14/1997,953.39,974.30,924.92,946.78,946.78,3251440000
12/21/1997,946.78,956.73,932.70,936.46,936.46,1466620000
12/28/1997,936.46,975.04,936.46,975.04,975.04,1776670000
1/4/1998,975.04,982.63,921.72,927.69,927.69,3312380000
1/11/1998,927.69,965.12,912.83,961.51,961.51,3194600000
1/18/1998,961.51,978.60,950.86,957.59,957.59,2553290000
1/25/1998,957.59,992.65,954.24,980.28,980.28,3306830000
2/1/1998,980.28,1013.51,980.28,1012.46,1012.46,3385490000
2/8/1998,1012.46,1026.30,1006.28,1020.09,1020.09,2910330000
2/15/1998,1020.09,1034.21,1020.09,1034.21,1034.21,2388010000
2/22/1998,1034.21,1051.66,1028.89,1049.34,1049.34,2972720000
3/1/1998,1049.34,1055.69,1030.87,1055.69,1055.69,3161880000
3/8/1998,1055.69,1075.86,1050.02,1068.61,1068.61,3104620000
3/15/1998,1068.61,1101.04,1068.61,1099.16,1099.16,3178180000
3/22/1998,1099.16,1113.07,1091.14,1095.44,1095.44,3102580000
3/29/1998,1095.44,1126.36,1090.02,1122.70,1122.70,3177860000
4/5/1998,1122.70,1131.99,1098.21,1110.67,1110.67,2461840000
4/12/1998,1110.67,1122.72,1100.60,1122.72,1122.72,3235090000
4/19/1998,1122.72,1132.98,1104.77,1107.90,1107.90,3254650000
4/26/1998,1107.90,1121.02,1076.70,1121.00,1121.00,3280920000
5/3/1998,1121.00,1130.52,1094.53,1108.14,1108.14,2892000000
5/10/1998,1108.14,1124.03,1102.78,1108.73,1108.73,2965640000
5/17/1998,1108.73,1124.45,1097.99,1110.47,1110.47,2668400000
5/24/1998,1110.47,1116.79,1074.39,1090.82,1090.82,2369130000
5/31/1998,1090.82,1113.88,1078.10,1113.86,1113.86,2848980000
6/7/1998,1113.86,1126.00,1080.83,1098.84,1098.84,2977180000
6/14/1998,1098.84,1112.87,1074.67,1100.65,1100.65,3310760000
6/21/1998,1100.65,1142.04,1099.42,1133.20,1133.20,3093500000
6/28/1998,1133.20,1148.56,1131.98,1146.42,1146.42,2533360000
7/5/1998,1146.42,1166.93,1145.03,1164.33,1164.33,2986550000
7/12/1998,1164.33,1188.10,1160.21,1186.75,1186.75,3294910000
7/19/1998,1186.75,1190.58,1129.11,1140.80,1140.80,3400280000
7/26/1998,1140.80,1147.27,1114.30,1120.67,1120.67,3301250000
8/2/1998,1120.67,1121.79,1057.35,1089.45,1089.45,3852100000
8/9/1998,1089.45,1092.82,1054.00,1062.75,1062.75,3370010000
8/16/1998,1062.75,1106.32,1054.92,1081.24,1081.24,3255940000
8/23/1998,1081.24,1106.64,1021.04,1027.14,1027.14,3676000000
8/30/1998,1027.14,1033.47,939.98,973.89,973.89,4689500000
9/6/1998,973.89,1027.72,968.64,1009.06,1009.06,3218500000
9/13/1998,1009.06,1046.07,1009.06,1020.09,1020.09,3725700000
9/20/1998,1020.09,1066.11,993.82,1044.75,1044.75,3747180000
9/27/1998,1044.75,1061.46,971.69,1002.60,1002.60,4053300000
10/4/1998,1002.60,1008.77,923.32,984.39,984.39,4632900000
10/11/1998,984.39,1062.65,984.39,1056.42,1056.42,4195400000
10/18/1998,1056.42,1084.06,1054.23,1070.67,1070.67,3834440000
10/25/1998,1070.67,1103.78,1059.65,1098.67,1098.67,3536310000
11/1/1998,1098.67,1141.30,1098.67,1141.01,1141.01,3772500000
11/8/1998,1141.01,1141.01,1115.55,1125.72,1125.72,3244560000
11/15/1998,1125.72,1163.55,1125.72,1163.55,1163.55,3365490000
11/22/1998,1163.55,1192.97,1163.55,1192.33,1192.33,2380830000
11/29/1998,1192.33,1192.72,1149.61,1176.74,1176.74,3713300000
12/6/1998,1176.74,1193.53,1153.19,1166.46,1166.46,3530600000
12/13/1998,1166.46,1188.89,1136.89,1188.03,1188.03,3824200000
12/20/1998,1188.03,1229.89,1188.03,1226.27,1226.27,2369780000
12/27/1998,1226.27,1244.93,1220.78,1229.23,1229.23,2431470000
1/3/1999,1229.23,1278.24,1219.10,1275.09,1275.09,4439700000
1/10/1999,1275.09,1276.22,1205.46,1243.26,1243.26,4145000000
1/17/1999,1243.26,1274.07,1217.97,1225.19,1225.19,3348900000
1/24/1999,1225.19,1280.37,1219.46,1279.64,1279.64,4279900000
1/31/1999,1279.64,1283.75,1232.28,1239.40,1239.40,4247800000
2/7/1999,1239.40,1254.05,1211.89,1230.13,1230.13,3670100000
2/14/1999,1230.13,1252.17,1220.70,1239.22,1239.22,2831260000
2/21/1999,1239.22,1283.84,1225.01,1238.33,1238.33,3806700000
2/28/1999,1238.33,1275.73,1216.03,1275.47,1275.47,3810600000
3/7/1999,1275.47,1306.43,1271.58,1294.59,1294.59,4090800000
3/14/1999,1294.59,1323.82,1291.03,1299.29,1299.29,3977100000
3/21/1999,1299.29,1303.84,1256.43,1282.80,1282.80,3722800000
3/28/1999,1282.80,1313.60,1282.56,1293.72,1293.72,3104200000
4/4/1999,1293.72,1351.22,1293.72,1348.35,1348.35,3866300000
4/11/1999,1348.35,1362.38,1308.38,1319.00,1319.00,4665800000
4/18/1999,1319.00,1363.65,1284.21,1356.85,1356.85,4792600000
4/25/1999,1356.85,1371.56,1314.58,1335.18,1335.18,4495500000
5/2/1999,1335.18,1354.64,1317.44,1345.00,1345.00,4348300000
5/9/1999,1345.00,1375.98,1332.63,1337.80,1337.80,3959600000
5/16/1999,1337.80,1350.49,1321.19,1330.29,1330.29,3658800000
5/23/1999,1330.29,1333.02,1277.31,1301.84,1301.84,3913560000
5/30/1999,1301.84,1327.75,1277.47,1327.75,1327.75,2825900000
6/6/1999,1327.75,1336.42,1287.88,1293.64,1293.64,3426900000
6/13/1999,1293.64,1344.48,1292.20,1342.84,1342.84,3787600000
6/20/1999,1342.84,1351.12,1308.47,1315.31,1315.31,3448760000
6/27/1999,1315.31,1391.22,1315.31,1391.22,1391.22,4046980000
7/4/1999,1391.22,1405.29,1384.95,1403.28,1403.28,3045700000
7/11/1999,1403.28,1418.78,1386.51,1418.78,1418.78,3710300000
7/18/1999,1418.78,1420.33,1349.91,1356.94,1356.94,3584910000
7/25/1999,1356.94,1370.53,1328.49,1328.72,1328.72,3535050000
8/1/1999,1328.72,1344.69,1287.23,1300.29,1300.29,3736650000
8/8/1999,1300.29,1327.72,1267.73,1327.68,1327.68,3750100000
8/15/1999,1327.68,1344.16,1315.35,1336.61,1336.61,3303250000
8/22/1999,1336.61,1382.84,1336.61,1348.27,1348.27,3568950000
8/29/1999,1348.27,1357.74,1304.88,1357.24,1357.24,3518100000
9/5/1999,1357.24,1361.39,1333.91,1351.66,1351.66,3088900000
9/12/1999,1351.66,1351.66,1299.97,1335.42,1335.42,3780600000
9/19/1999,1335.42,1338.38,1263.84,1277.36,1277.36,3971100000
9/26/1999,1277.36,1295.03,1256.26,1282.81,1282.81,4435800000
10/3/1999,1282.81,1336.61,1282.81,1336.02,1336.02,4389300000
10/10/1999,1336.02,1339.23,1245.39,1247.41,1247.41,4060600000
10/17/1999,1247.41,1308.81,1233.70,1301.65,1301.65,4624900000
10/24/1999,1301.65,1373.17,1280.48,1362.93,1362.93,4861000000
10/31/1999,1362.93,1387.48,1346.41,1370.23,1370.23,4668900000
11/7/1999,1370.23,1396.12,1359.98,1396.06,1396.06,4437300000
11/14/1999,1396.06,1425.31,1392.28,1422.00,1422.00,4614500000
11/21/1999,1422.00,1425.24,1399.17,1416.62,1416.62,2846520000
11/28/1999,1416.62,1447.42,1386.95,1433.30,1433.30,4608700000
12/5/1999,1433.30,1434.15,1391.47,1417.04,1417.04,5068900000
12/12/1999,1417.04,1431.77,1396.20,1421.03,1421.03,5459400000
12/19/1999,1421.03,1461.44,1411.10,1458.34,1458.34,3446700000
12/26/1999,1458.34,1473.10,1450.83,1469.25,1469.25,2874590000
1/2/2000,1469.25,1478.00,1377.68,1441.47,1441.47,5343800000
1/9/2000,1441.47,1473.00,1427.08,1465.15,1465.15,5169700000
1/16/2000,1465.15,1465.71,1438.54,1441.36,1441.36,4455000000
1/23/2000,1441.36,1454.09,1356.20,1360.16,1360.16,5532100000
1/30/2000,1360.16,1435.91,1350.14,1424.37,1424.37,5205000000
2/6/2000,1424.37,1444.55,1378.89,1387.12,1387.12,5100800000
2/13/2000,1387.12,1407.72,1345.32,1346.09,1346.09,5115300000
2/20/2000,1346.09,1370.11,1329.15,1333.36,1333.36,4253900000
2/27/2000,1333.36,1410.88,1325.07,1409.17,1409.17,5853800000
3/5/2000,1409.17,1413.46,1346.62,1395.07,1395.07,5807900000
3/12/2000,1395.07,1477.33,1356.99,1464.47,1464.47,6190300000
3/19/2000,1464.47,1552.87,1446.06,1527.46,1527.46,5192200000
3/26/2000,1527.46,1534.63,1474.63,1498.58,1498.58,5342800000
4/2/2000,1498.58,1526.45,1416.41,1516.35,1516.35,5547060000
4/9/2000,1516.35,1527.19,1339.40,1356.56,1356.56,5312700000
4/16/2000,1356.56,1447.69,1346.50,1434.54,1434.54,4211700000
4/23/2000,1434.54,1482.94,1407.13,1452.43,1452.43,5035000000
4/30/2000,1452.43,1481.51,1398.36,1432.63,1432.63,4700700000
5/7/2000,1432.63,1432.63,1375.14,1420.96,1420.96,4502400000
5/14/2000,1420.96,1470.40,1401.74,1406.95,1406.95,4292200000
5/21/2000,1406.95,1411.65,1361.09,1378.02,1378.02,4598300000
5/28/2000,1378.02,1483.23,1378.02,1477.26,1477.26,3927200000
6/4/2000,1477.26,1477.28,1454.74,1456.95,1456.95,4283600000
6/11/2000,1456.95,1483.62,1442.38,1464.46,1464.46,4901900000
6/18/2000,1464.46,1488.93,1438.31,1441.48,1441.48,4833100000
6/25/2000,1441.48,1467.63,1434.63,1454.60,1454.60,5597200000
7/2/2000,1454.60,1484.12,1439.56,1478.90,1478.90,3350200000
7/9/2000,1478.90,1509.99,1470.48,1509.98,1509.98,4807800000
7/16/2000,1509.98,1517.32,1477.91,1480.19,1480.19,4756600000
7/23/2000,1480.19,1485.88,1413.89,1419.89,1419.89,5221900000
7/30/2000,1419.89,1462.93,1418.71,1462.93,1462.93,4937400000
8/6/2000,1462.93,1490.33,1453.06,1471.84,1471.84,4677300000
8/13/2000,1471.84,1499.47,1468.56,1491.72,1491.72,4353300000
8/20/2000,1491.72,1513.47,1489.52,1506.45,1506.45,3944100000
8/27/2000,1506.45,1530.09,1500.09,1520.77,1520.77,4171900000
9/3/2000,1520.77,1520.77,1489.88,1494.50,1494.50,3780100000
9/10/2000,1494.50,1506.76,1460.22,1465.81,1465.81,5241200000
9/17/2000,1465.81,1467.77,1421.88,1448.72,1448.72,5382300000
9/24/2000,1448.72,1461.69,1419.44,1436.51,1436.51,5667000000
10/1/2000,1436.52,1454.82,1397.06,1408.99,1408.99,5642900000
10/8/2000,1408.99,1409.69,1327.08,1374.17,1374.17,5760600000
10/15/2000,1374.17,1408.47,1305.79,1396.93,1396.93,6083900000
10/22/2000,1396.93,1415.64,1337.81,1379.58,1379.58,5911100000
10/29/2000,1379.58,1433.40,1376.86,1426.69,1426.69,5925100000
11/5/2000,1428.76,1438.46,1365.97,1365.98,1365.98,4794600000
11/12/2000,1365.98,1395.96,1328.62,1367.72,1367.72,5341600000
11/19/2000,1367.72,1367.72,1321.89,1341.77,1341.77,3460970000
11/26/2000,1341.77,1362.50,1294.90,1315.23,1315.23,4758130000
12/3/2000,1315.18,1380.33,1310.23,1369.89,1369.89,5888900000
12/10/2000,1369.89,1389.05,1305.38,1312.15,1312.15,6103300000
12/17/2000,1312.15,1346.44,1254.07,1305.95,1305.95,6473400000
12/24/2000,1305.97,1340.10,1301.64,1320.28,1320.28,3950000000
12/31/2000,1320.28,1350.24,1274.62,1298.35,1298.35,6571900000
1/7/2001,1298.35,1333.21,1276.29,1318.55,1318.55,6290500000
1/14/2001,1318.32,1354.55,1313.33,1342.54,1342.54,5407600000
1/21/2001,1342.54,1369.75,1333.84,1354.95,1354.95,6061600000
1/28/2001,1354.92,1383.37,1348.72,1349.47,1349.47,5665400000
2/4/2001,1349.47,1363.55,1309.98,1314.76,1314.76,5413600000
2/11/2001,1314.76,1336.62,1293.18,1301.53,1301.53,5675500000
2/18/2001,1301.53,1307.16,1215.44,1245.86,1245.86,4917900000
2/25/2001,1245.86,1272.76,1214.50,1234.18,1234.18,6059100000
3/4/2001,1234.18,1267.42,1228.42,1233.42,1233.42,5353200000
3/11/2001,1233.42,1233.42,1148.64,1150.53,1150.53,6790360000
3/18/2001,1150.53,1180.56,1081.19,1139.83,1139.83,6797250000
3/25/2001,1139.83,1183.35,1136.26,1160.33,1160.33,6276900000
4/1/2001,1160.33,1169.51,1091.99,1128.43,1128.43,6701390000
4/8/2001,1128.43,1183.51,1126.38,1183.50,1183.50,4804700000
4/15/2001,1183.50,1253.71,1167.38,1242.98,1242.98,6767900000
4/22/2001,1242.98,1253.07,1207.38,1253.05,1253.05,5869200000
4/29/2001,1253.05,1272.93,1232.00,1266.61,1266.61,6010300000
5/6/2001,1266.61,1270.00,1240.79,1245.67,1245.67,5050600000
5/13/2001,1245.67,1296.48,1241.02,1291.96,1291.96,5821700000
5/20/2001,1291.96,1315.93,1276.42,1277.89,1277.89,5498900000
5/27/2001,1277.89,1278.42,1245.96,1260.67,1260.67,4426200000
6/3/2001,1260.67,1286.62,1256.36,1264.96,1264.96,4831000000
6/10/2001,1264.96,1264.96,1203.03,1214.36,1214.36,5948650000
6/17/2001,1214.36,1240.24,1207.71,1225.35,1225.35,6382620000
6/24/2001,1225.35,1237.29,1204.64,1224.38,1224.38,6570760000
7/1/2001,1224.42,1239.78,1188.74,1190.59,1190.59,3742010000
7/8/2001,1190.59,1218.54,1168.46,1215.68,1215.68,6209300000
7/15/2001,1215.68,1225.04,1196.14,1210.85,1210.85,6108600000
7/22/2001,1210.85,1215.22,1165.54,1205.82,1205.82,5695500000
7/29/2001,1205.82,1226.27,1200.41,1214.35,1214.35,5536800000
8/5/2001,1214.35,1214.35,1169.55,1190.16,1190.16,5013400000
8/12/2001,1190.16,1198.79,1156.07,1161.97,1161.97,4897500000
8/19/2001,1161.97,1185.15,1153.34,1184.93,1184.93,5079300000
8/26/2001,1184.93,1186.85,1124.87,1133.58,1133.58,4870500000
9/2/2001,1133.58,1155.40,1082.12,1085.78,1085.78,5346800000
9/9/2001,1085.78,1096.94,1073.15,1092.54,1092.54,1276600000
9/16/2001,1092.54,1092.54,944.75,965.80,965.80,10423890000
9/23/2001,965.80,1040.94,965.80,1040.94,1040.94,7978000000
9/30/2001,1040.94,1084.12,1026.76,1071.38,1071.38,7026800000
10/7/2001,1071.37,1099.16,1052.76,1091.65,1091.65,6555180000
10/14/2001,1091.65,1107.12,1057.24,1073.48,1073.48,6245200000
10/21/2001,1073.48,1110.61,1065.64,1104.61,1104.61,6368100000
10/28/2001,1104.61,1104.61,1053.61,1087.20,1087.20,6195300000
11/4/2001,1087.20,1135.75,1087.20,1120.31,1120.31,6646300000
11/11/2001,1120.31,1148.28,1098.32,1138.65,1138.65,6597000000
11/18/2001,1138.65,1152.45,1129.78,1150.34,1150.34,4086600000
11/25/2001,1150.34,1163.38,1125.51,1139.45,1139.45,6560800000
12/2/2001,1139.45,1173.62,1125.78,1158.31,1158.31,7022800000
12/9/2001,1158.31,1158.31,1114.53,1123.09,1123.09,6853900000
12/16/2001,1123.09,1152.44,1122.66,1144.89,1144.89,7283800000
12/23/2001,1144.89,1164.64,1144.62,1161.02,1161.02,3024470000
12/30/2001,1161.02,1176.55,1136.23,1172.51,1172.51,5026500000
1/6/2002,1172.51,1176.97,1145.45,1145.60,1145.60,6530000000
1/13/2002,1145.60,1148.81,1124.45,1127.58,1127.58,6869200000
1/20/2002,1127.58,1139.50,1117.43,1133.28,1133.28,5688700000
1/27/2002,1133.28,1138.63,1081.66,1122.20,1122.20,7942600000
2/3/2002,1122.20,1122.20,1077.78,1096.22,1096.22,7695200000
2/10/2002,1096.22,1124.72,1094.68,1104.18,1104.18,6101200000
2/17/2002,1104.18,1104.18,1074.36,1089.84,1089.84,5421400000
2/24/2002,1089.84,1131.79,1089.84,1131.78,1131.78,6919100000
3/3/2002,1131.78,1172.76,1130.93,1164.31,1164.31,7614300000
3/10/2002,1164.31,1173.03,1151.01,1166.16,1166.16,6571300000
3/17/2002,1166.16,1173.94,1139.48,1148.70,1148.70,6311900000
3/24/2002,1148.70,1154.45,1131.61,1147.39,1147.39,4609200000
3/31/2002,1147.39,1147.84,1119.49,1122.73,1122.73,5841300000
4/7/2002,1122.73,1131.76,1102.42,1111.01,1111.01,6566300000
4/14/2002,1111.01,1133.00,1099.41,1125.17,1125.17,6382900000
4/21/2002,1125.17,1125.17,1076.31,1076.32,1076.32,6835100000
4/28/2002,1076.32,1091.42,1063.46,1073.43,1073.43,7043200000
5/5/2002,1073.43,1088.92,1048.96,1054.99,1054.99,6304200000
5/12/2002,1054.99,1106.59,1053.90,1106.59,1106.59,6454300000
5/19/2002,1106.59,1106.59,1075.64,1083.82,1083.82,5404900000
5/26/2002,1083.82,1085.98,1054.26,1067.14,1067.14,4642200000
6/2/2002,1067.14,1070.74,1012.49,1027.53,1027.53,7033800000
6/9/2002,1027.53,1039.04,981.63,1007.27,1007.27,7188820000
6/16/2002,1007.27,1040.83,985.65,989.14,989.14,6652700000
6/23/2002,989.14,1005.88,952.92,989.82,989.82,9106190000
6/30/2002,989.82,994.46,934.87,989.03,989.03,5475700000
7/7/2002,989.03,993.56,900.94,921.39,921.39,8038080000
7/14/2002,921.39,926.52,842.07,847.75,847.75,11375400000
7/21/2002,847.76,854.13,775.68,852.84,852.84,11685440000
7/28/2002,852.84,911.64,852.84,864.24,864.24,8864400000
8/4/2002,864.24,913.95,833.44,908.64,908.64,7371600000
8/11/2002,908.64,935.38,876.20,928.77,928.77,6638400000
8/18/2002,928.77,965.00,927.21,940.86,940.86,6405900000
8/25/2002,940.86,955.82,903.33,916.07,916.07,5672200000
9/1/2002,916.07,916.07,870.50,893.92,893.92,5247700000
9/8/2002,893.92,924.02,877.05,889.81,889.81,5626200000
9/15/2002,889.81,902.68,839.09,845.39,845.39,7267800000
9/22/2002,845.39,856.60,817.38,827.37,827.37,7860140000
9/29/2002,827.37,851.93,794.10,800.58,800.58,8682100000
10/6/2002,800.58,843.27,768.63,835.32,835.32,9344320000
10/13/2002,835.32,886.68,828.37,884.39,884.39,7944790000
10/20/2002,884.39,902.94,873.06,897.65,897.65,7631070000
10/27/2002,897.65,907.44,867.91,900.96,900.96,7426300000
11/3/2002,900.96,925.66,891.62,894.74,894.74,7587400000
11/10/2002,894.74,910.21,872.05,909.83,909.83,6872600000
11/17/2002,909.83,937.28,893.09,930.55,930.55,8179200000
11/24/2002,930.55,941.82,912.10,936.31,936.31,5111360000
12/1/2002,936.31,954.28,895.96,912.23,912.23,7180600000
12/8/2002,912.23,912.23,888.48,889.48,889.48,6478600000
12/15/2002,889.48,911.22,880.32,895.76,895.76,7138230000
12/22/2002,895.74,903.89,873.62,875.40,875.40,3049910000
12/29/2002,875.40,911.25,869.45,908.59,908.59,4506300000
1/5/2003,908.59,932.89,908.32,927.57,927.57,7494400000
1/12/2003,927.57,935.05,899.02,901.78,901.78,7100600000
1/19/2003,901.78,906.00,859.71,861.40,861.40,6215350000
1/26/2003,861.40,868.72,840.34,855.70,855.70,7579230000
2/2/2003,855.70,864.64,826.70,829.69,829.69,6868600000
2/9/2003,829.69,843.02,806.29,834.89,834.89,6699600000
2/16/2003,834.89,852.87,831.48,848.17,848.17,4918700000
2/23/2003,848.17,848.17,818.54,841.15,841.15,6748400000
3/2/2003,841.15,852.34,811.23,828.89,828.89,6465900000
3/9/2003,828.89,841.39,788.90,833.27,833.27,7660900000
3/16/2003,833.27,895.90,827.17,895.79,895.79,8051730000
3/23/2003,895.79,895.79,858.09,863.50,863.50,6406000000
3/30/2003,863.50,885.89,843.68,878.85,878.85,7127600000
4/6/2003,878.85,904.89,862.76,868.30,868.30,6440000000
4/13/2003,868.30,896.77,868.30,893.58,893.58,5609400000
4/20/2003,893.58,919.74,886.70,898.81,898.81,7401000000
4/27/2003,898.81,930.56,898.81,930.08,930.08,7538910000
5/4/2003,930.08,939.61,919.72,933.41,933.41,7333500000
5/11/2003,933.41,948.65,929.30,944.30,944.30,7212900000
5/18/2003,944.30,944.30,912.05,933.22,933.22,6988300000
5/25/2003,933.22,965.38,927.33,963.59,963.59,6465600000
6/1/2003,963.59,1007.69,963.59,987.76,987.76,8261700000
6/8/2003,987.76,1002.74,972.59,988.61,988.61,6927100000
6/15/2003,988.61,1015.33,988.61,995.69,995.69,7542600000
6/22/2003,995.69,995.69,973.80,976.22,976.22,6900800000
6/29/2003,976.22,995.00,962.10,985.70,985.70,5342600000
7/6/2003,985.70,1010.43,983.63,998.14,998.14,7291200000
7/13/2003,998.14,1015.41,978.60,993.32,993.32,7656100000
7/20/2003,993.32,998.89,975.63,998.68,998.68,7013100000
7/27/2003,998.68,1004.59,978.86,980.15,980.15,7228000000
8/3/2003,980.15,985.75,960.84,977.59,977.59,6637300000
8/10/2003,977.59,992.50,974.21,990.67,990.67,5186470000
8/17/2003,990.67,1011.01,990.67,993.06,993.06,6355000000
8/24/2003,993.06,1008.85,983.57,1008.01,1008.01,5312100000
8/31/2003,1008.01,1029.34,1005.73,1021.39,1021.39,6065200000
9/7/2003,1021.39,1032.41,1007.71,1018.63,1018.63,6868800000
9/14/2003,1018.63,1040.29,1013.59,1036.30,1036.30,6910110000
9/21/2003,1036.30,1036.30,996.08,996.85,996.85,7139000000
9/28/2003,996.85,1039.31,990.36,1029.85,1029.85,7363100000
10/5/2003,1029.85,1048.28,1026.27,1038.06,1038.06,6254600000
10/12/2003,1038.06,1053.79,1036.57,1039.32,1039.32,6603200000
10/19/2003,1039.32,1048.57,1018.32,1028.91,1028.91,7342400000
10/26/2003,1028.91,1053.09,1028.91,1050.71,1050.71,7692200000
11/2/2003,1050.71,1062.39,1044.88,1053.21,1053.21,7092000000
11/9/2003,1053.21,1063.65,1043.46,1050.35,1050.35,6494500000
11/16/2003,1050.35,1050.35,1031.20,1035.28,1035.28,6655300000
11/23/2003,1035.28,1060.63,1035.28,1058.20,1058.20,4221420000
11/30/2003,1058.20,1074.30,1058.20,1061.50,1061.50,6928900000
12/7/2003,1061.50,1074.76,1053.41,1074.14,1074.14,6792600000
12/14/2003,1074.14,1091.06,1068.00,1088.66,1088.66,7747600000
12/21/2003,1088.66,1098.47,1086.14,1095.89,1095.89,3271130000
12/28/2003,1095.89,1118.85,1095.89,1108.48,1108.48,4252100000
1/4/2004,1108.48,1131.92,1108.48,1121.86,1121.86,8366700000
1/11/2004,1121.86,1139.83,1115.19,1139.83,1139.83,8036800000
1/18/2004,1139.83,1150.51,1134.62,1141.55,1141.55,6710700000
1/25/2004,1141.55,1155.38,1122.38,1131.13,1131.13,8552600000
2/1/2004,1131.13,1142.79,1124.44,1142.76,1142.76,7755100000
2/8/2004,1142.76,1158.89,1138.70,1145.81,1145.81,7200200000
2/15/2004,1145.81,1158.98,1139.00,1144.11,1144.11,5821300000
2/22/2004,1144.11,1151.68,1134.43,1144.94,1144.94,7209000000
2/29/2004,1144.94,1163.23,1143.78,1156.86,1156.86,6971600000
3/7/2004,1156.86,1159.94,1105.87,1120.57,1120.57,7680600000
3/14/2004,1120.57,1125.76,1102.61,1109.78,1109.78,7418000000
3/21/2004,1109.78,1115.27,1087.16,1108.06,1108.06,7229100000
3/28/2004,1108.06,1144.81,1108.06,1141.81,1141.81,7488500000
4/4/2004,1141.81,1150.57,1134.52,1139.32,1139.32,5470000000
4/11/2004,1139.32,1147.78,1120.75,1134.61,1134.61,7129800000
4/18/2004,1134.56,1142.77,1116.03,1140.60,1140.60,7664300000
4/25/2004,1140.60,1146.56,1107.23,1107.30,1107.30,8157900000
5/2/2004,1107.30,1127.74,1098.63,1098.70,1098.70,7865600000
5/9/2004,1098.70,1102.77,1076.32,1095.70,1095.70,7896800000
5/16/2004,1095.70,1105.93,1079.36,1093.56,1093.56,6801300000
5/23/2004,1093.56,1123.95,1090.74,1120.68,1120.68,6762700000
5/30/2004,1120.68,1129.17,1113.32,1122.50,1122.50,4837400000
6/6/2004,1122.50,1142.18,1122.50,1136.47,1136.47,4839500000
6/13/2004,1136.47,1138.96,1122.16,1135.02,1135.02,6491000000
6/20/2004,1135.02,1146.34,1124.37,1134.43,1134.43,7158200000
6/27/2004,1134.43,1144.20,1123.06,1125.38,1125.38,6784100000
7/4/2004,1125.38,1125.38,1108.72,1112.81,1112.81,5199300000
7/11/2004,1112.81,1119.60,1101.07,1101.39,1101.39,6635300000
7/18/2004,1101.39,1116.27,1083.56,1086.20,1086.20,7463500000
7/25/2004,1086.20,1103.73,1078.78,1101.72,1101.72,7406800000
8/1/2004,1101.72,1108.60,1062.23,1063.97,1063.97,6901900000
8/8/2004,1063.97,1079.04,1060.72,1064.80,1064.80,6322200000
8/15/2004,1064.80,1100.26,1064.80,1098.35,1098.35,6205800000
8/22/2004,1098.35,1109.68,1092.82,1107.77,1107.77,5175600000
8/29/2004,1107.77,1120.80,1094.72,1113.63,1113.63,5165970000
9/5/2004,1113.63,1125.26,1113.62,1123.92,1123.92,5093200000
9/12/2004,1123.92,1130.14,1119.82,1128.55,1128.55,6296800000
9/19/2004,1128.55,1131.54,1108.05,1110.11,1110.11,6444200000
9/26/2004,1110.11,1131.64,1101.29,1131.50,1131.50,7393200000
10/3/2004,1131.50,1142.05,1120.19,1122.14,1122.14,7108200000
10/10/2004,1122.14,1127.01,1102.06,1108.20,1108.20,6944700000
10/17/2004,1108.20,1117.96,1094.25,1095.74,1095.74,7939100000
10/24/2004,1095.74,1131.40,1090.29,1130.20,1130.20,7936800000
10/31/2004,1130.20,1170.87,1127.60,1166.17,1166.17,8329500000
11/7/2004,1166.17,1184.17,1162.32,1184.17,1184.17,7238400000
11/14/2004,1184.17,1188.46,1169.19,1170.34,1170.34,7485200000
11/21/2004,1170.34,1186.62,1167.89,1182.65,1182.65,4475180000
11/28/2004,1182.65,1197.46,1172.37,1191.17,1191.17,8046400000
12/5/2004,1191.17,1192.41,1173.79,1188.00,1188.00,7481900000
12/12/2004,1188.00,1207.97,1188.00,1194.20,1194.20,8805200000
12/19/2004,1194.20,1213.66,1193.36,1210.13,1210.13,5253400000
12/26/2004,1210.13,1217.33,1204.92,1211.92,1211.92,4447600000
1/2/2005,1211.92,1217.80,1182.16,1186.19,1186.19,8017700000
1/9/2005,1186.19,1194.78,1175.64,1184.52,1184.52,7387000000
1/16/2005,1184.52,1195.98,1167.82,1167.87,1167.87,6431000000
1/23/2005,1167.87,1177.50,1163.75,1171.36,1171.36,7983300000
1/30/2005,1171.36,1203.47,1171.36,1203.03,1203.03,8126140000
2/6/2005,1203.03,1208.38,1191.54,1205.30,1205.30,7328450000
2/13/2005,1205.30,1212.44,1197.35,1201.59,1201.59,7438680000
2/20/2005,1201.59,1212.15,1184.16,1211.37,1211.37,6288460000
2/27/2005,1211.37,1224.76,1198.13,1222.12,1222.12,8325140000
3/6/2005,1222.12,1229.11,1198.15,1200.08,1200.08,7770730000
3/13/2005,1200.08,1210.54,1182.78,1189.65,1189.65,8530450000
3/20/2005,1189.65,1189.65,1168.70,1171.42,1171.42,7902500000
3/27/2005,1171.42,1189.80,1163.69,1172.92,1172.92,10449500000
4/3/2005,1172.79,1191.88,1167.72,1181.20,1181.20,9309920000
4/10/2005,1181.20,1190.17,1141.92,1142.62,1142.62,10599880000
4/17/2005,1142.62,1159.95,1136.15,1152.12,1152.12,10894860000
4/24/2005,1152.12,1164.80,1139.19,1156.85,1156.85,10450920000
5/1/2005,1156.85,1178.62,1154.71,1171.35,1171.35,10157840000
5/8/2005,1171.35,1178.87,1146.18,1154.05,1154.05,9765530000
5/15/2005,1154.05,1191.22,1153.64,1189.28,1189.28,9418050000
5/22/2005,1189.28,1199.56,1185.96,1198.78,1198.78,8139890000
5/29/2005,1198.78,1205.64,1191.03,1196.02,1196.02,7092090000
6/5/2005,1196.02,1208.85,1191.09,1198.11,1198.11,8602280000
6/12/2005,1198.11,1219.55,1194.51,1216.96,1216.96,9383350000
6/19/2005,1216.96,1219.59,1191.45,1191.57,1191.57,9707200000
6/26/2005,1191.57,1204.07,1188.30,1194.44,1194.44,8983620000
7/3/2005,1194.44,1212.73,1183.55,1211.86,1211.86,7542540000
7/10/2005,1211.86,1233.16,1211.86,1227.92,1227.92,9355920000
7/17/2005,1227.92,1236.56,1221.13,1233.68,1233.68,9583550000
7/24/2005,1233.68,1245.15,1228.15,1234.18,1234.18,9388840000
7/31/2005,1234.18,1245.86,1225.62,1226.42,1226.42,9671470000
8/7/2005,1226.42,1242.69,1222.67,1230.39,1230.39,9524840000
8/14/2005,1230.40,1236.24,1215.93,1219.71,1219.71,8609400000
8/21/2005,1219.71,1228.96,1204.23,1205.10,1205.10,8342950000
8/28/2005,1205.10,1227.29,1201.07,1218.02,1218.02,9751450000
9/4/2005,1218.02,1243.13,1218.02,1241.48,1241.48,7947730000
9/11/2005,1241.48,1242.60,1224.85,1237.91,1237.91,11238970000
9/18/2005,1237.91,1237.91,1205.35,1215.29,1215.29,11341680000
9/25/2005,1215.29,1229.57,1211.11,1228.81,1228.81,10379110000
10/2/2005,1228.81,1233.34,1181.92,1195.90,1195.90,11903800000
10/9/2005,1195.90,1196.52,1168.20,1186.57,1186.57,11526400000
10/16/2005,1186.57,1197.30,1170.55,1179.59,1179.59,12043340000
10/23/2005,1179.59,1204.01,1178.89,1198.41,1198.41,11752780000
10/30/2005,1198.41,1224.70,1198.41,1220.14,1220.14,12440550000
11/6/2005,1220.14,1235.70,1215.05,1234.72,1234.72,10318690000
11/13/2005,1234.72,1249.58,1226.41,1248.27,1248.27,11132060000
11/20/2005,1248.27,1270.64,1246.90,1268.25,1268.25,7119110000
11/27/2005,1268.25,1268.44,1249.39,1265.08,1265.08,11400340000
12/4/2005,1265.08,1272.89,1250.91,1259.37,1259.37,10605000000
12/11/2005,1259.37,1275.80,1255.52,1267.32,1267.32,11176870000
12/18/2005,1267.32,1270.51,1257.21,1268.66,1268.66,9444980000
12/25/2005,1268.66,1271.83,1246.59,1248.29,1248.29,5788870000
1/1/2006,1248.29,1286.09,1245.74,1285.45,1285.45,9949800000
1/8/2006,1285.45,1294.90,1282.78,1287.61,1287.61,11605560000
1/15/2006,1287.61,1287.79,1260.92,1261.49,1261.49,9703000000
1/22/2006,1261.49,1286.38,1259.42,1283.72,1283.72,12962250000
1/29/2006,1283.72,1287.94,1261.02,1264.03,1264.03,12427960000
2/5/2006,1264.03,1274.56,1253.61,1266.99,1266.99,11687560000
2/12/2006,1266.99,1289.47,1258.34,1287.24,1287.24,10985360000
2/19/2006,1287.24,1294.17,1281.33,1289.43,1289.43,8403920000
2/26/2006,1289.43,1297.57,1278.66,1287.23,1287.23,11302040000
3/5/2006,1287.23,1288.23,1268.42,1281.42,1281.42,11254670000
3/12/2006,1281.58,1310.45,1281.58,1307.25,1307.25,11370400000
3/19/2006,1307.25,1310.88,1295.81,1302.95,1302.95,10471020000
3/26/2006,1302.95,1310.15,1291.84,1294.87,1294.87,10853090000
4/2/2006,1302.88,1314.07,1294.18,1295.50,1295.50,11425910000
4/9/2006,1295.51,1300.74,1282.96,1289.12,1289.12,7961240000
4/16/2006,1289.12,1318.16,1280.74,1311.28,1311.28,11742950000
4/23/2006,1311.28,1316.04,1295.57,1310.61,1310.61,12178330000
4/30/2006,1310.61,1326.53,1303.46,1325.76,1325.76,11961950000
5/7/2006,1325.76,1326.70,1290.38,1291.24,1291.24,11676630000
5/14/2006,1291.19,1297.88,1256.28,1267.03,1267.03,13241860000
5/21/2006,1267.03,1280.54,1245.34,1280.16,1280.16,12564040000
5/28/2006,1280.04,1290.68,1259.38,1288.22,1288.22,9524050000
6/4/2006,1288.16,1288.16,1235.18,1252.30,1252.30,13413080000
6/11/2006,1252.27,1258.64,1219.29,1251.54,1251.54,13689640000
6/18/2006,1251.54,1257.96,1237.17,1244.50,1244.50,11276830000
6/25/2006,1244.50,1276.30,1237.59,1270.20,1270.20,11838010000
7/2/2006,1270.06,1280.38,1263.13,1265.48,1265.48,7276850000
7/9/2006,1265.46,1274.06,1228.45,1236.20,1236.20,11428770000
7/16/2006,1236.20,1262.56,1224.54,1240.29,1240.29,12379810000
7/23/2006,1240.25,1280.42,1240.25,1278.55,1278.55,12801490000
7/30/2006,1278.53,1292.92,1265.71,1279.36,1279.36,12859150000
8/6/2006,1279.31,1283.74,1261.30,1266.74,1266.74,11465410000
8/13/2006,1266.67,1302.30,1266.67,1302.30,1302.30,11498940000
8/20/2006,1302.30,1302.49,1289.82,1295.09,1295.09,9159550000
8/27/2006,1295.09,1312.03,1293.97,1311.01,1311.01,9764390000
9/3/2006,1310.94,1314.67,1292.13,1298.92,1298.92,8903090000
9/10/2006,1298.86,1324.65,1290.93,1319.66,1319.66,13444480000
9/17/2006,1319.85,1328.53,1310.94,1314.78,1314.78,12049320000
9/24/2006,1314.78,1340.28,1311.58,1335.85,1335.85,12804030000
10/1/2006,1335.82,1353.79,1327.10,1349.59,1349.59,13197290000
10/8/2006,1349.58,1366.63,1343.57,1365.62,1365.62,11829580000
10/15/2006,1365.61,1372.87,1356.87,1368.60,1368.60,12630620000
10/22/2006,1368.58,1389.45,1363.94,1377.34,1377.34,13562660000
10/29/2006,1377.30,1381.95,1360.98,1364.30,1364.30,13460540000
11/5/2006,1364.27,1388.92,1364.27,1380.90,1380.90,13287010000
11/12/2006,1380.58,1403.76,1378.80,1401.20,1401.20,13806780000
11/19/2006,1401.17,1407.89,1397.85,1400.95,1400.95,8214910000
11/26/2006,1400.95,1406.30,1377.83,1396.71,1396.71,14949140000
12/3/2006,1396.67,1418.27,1396.67,1409.84,1409.84,13430910000
12/10/2006,1409.81,1431.63,1404.75,1427.09,1427.09,13539610000
12/17/2006,1427.08,1431.81,1410.28,1410.76,1410.76,11642830000
12/24/2006,1410.75,1427.72,1410.45,1418.30,1418.30,6164450000
12/31/2006,1418.03,1429.42,1405.75,1409.71,1409.71,9353020000
1/7/2007,1409.26,1431.23,1403.97,1430.73,1430.73,14110730000
1/14/2007,1430.73,1435.27,1424.21,1430.50,1430.50,10889710000
1/21/2007,1430.47,1440.69,1416.96,1422.18,1422.18,13919320000
1/28/2007,1422.03,1449.33,1418.46,1448.39,1448.39,13897760000
2/4/2007,1448.33,1452.99,1433.44,1438.06,1438.06,13434950000
2/11/2007,1438.00,1457.97,1431.44,1455.54,1455.54,12637490000
2/18/2007,1455.53,1461.57,1448.36,1451.19,1451.19,9475560000
2/25/2007,1451.04,1456.95,1380.87,1387.17,1387.17,17999820000
3/4/2007,1387.11,1410.15,1373.97,1402.84,1402.84,15617930000
3/11/2007,1402.80,1409.34,1363.98,1386.95,1386.95,16123460000
3/18/2007,1386.95,1438.89,1386.95,1436.11,1436.11,14506880000
3/25/2007,1436.11,1437.65,1408.90,1420.86,1420.86,14186810000
4/1/2007,1420.83,1444.88,1416.37,1443.76,1443.76,10771190000
4/8/2007,1443.77,1453.11,1433.91,1452.85,1452.85,13270300000
4/15/2007,1452.84,1484.74,1452.84,1484.35,1484.35,15005590000
4/22/2007,1484.33,1498.02,1473.74,1494.07,1494.07,14891970000
4/29/2007,1494.07,1510.34,1476.70,1505.62,1505.62,15453470000
5/6/2007,1505.57,1513.80,1491.42,1505.85,1505.85,14028380000
5/13/2007,1505.76,1522.75,1498.34,1522.75,1522.75,14590190000
5/20/2007,1522.75,1532.43,1505.18,1515.73,1515.73,15091900000
5/27/2007,1515.55,1540.56,1510.06,1536.34,1536.34,11814550000
6/3/2007,1536.28,1540.53,1487.41,1507.67,1507.67,15174500000
6/10/2007,1507.64,1538.71,1492.65,1532.91,1532.91,14879070000
6/17/2007,1532.90,1537.32,1500.74,1502.56,1502.56,16086160000
6/24/2007,1502.56,1517.53,1484.18,1503.35,1503.35,16256050000
7/1/2007,1504.66,1532.40,1504.66,1530.44,1530.44,9274250000
7/8/2007,1530.43,1555.10,1506.10,1552.50,1552.50,15333250000
7/15/2007,1552.50,1555.90,1529.20,1534.10,1534.10,16317700000
7/22/2007,1534.06,1547.23,1458.95,1458.95,1458.95,20758930000
7/29/2007,1458.93,1488.30,1432.80,1433.06,1433.06,22551040000
8/5/2007,1433.04,1503.89,1427.39,1453.64,1453.64,26711530000
8/12/2007,1453.42,1466.29,1370.60,1445.94,1445.94,21881180000
8/19/2007,1445.94,1479.40,1430.54,1479.37,1479.37,15268400000
8/26/2007,1479.36,1481.47,1432.01,1473.99,1473.99,13622910000
9/2/2007,1473.96,1496.40,1449.07,1453.55,1453.55,11408870000
9/9/2007,1453.50,1489.58,1439.29,1484.25,1484.25,14255590000
9/16/2007,1484.24,1538.74,1471.82,1525.75,1525.75,16791240000
9/23/2007,1525.75,1533.74,1507.13,1526.75,1526.75,15354000000
9/30/2007,1527.29,1561.91,1527.25,1557.59,1557.59,15058680000
10/7/2007,1556.51,1576.09,1546.72,1561.80,1561.80,14717400000
10/14/2007,1562.25,1564.74,1500.26,1500.63,1500.63,17376100000
10/21/2007,1497.79,1535.53,1489.56,1535.28,1535.28,18580330000
10/28/2007,1536.92,1552.76,1492.53,1509.65,1509.65,18817530000
11/4/2007,1505.61,1520.77,1448.51,1453.70,1453.70,22078420000
11/11/2007,1453.66,1492.14,1438.53,1458.74,1458.74,20475180000
11/18/2007,1456.70,1456.70,1415.64,1440.70,1440.70,14683750000
11/25/2007,1440.74,1488.94,1406.10,1481.14,1481.14,20482140000
12/2/2007,1479.63,1510.63,1460.66,1504.66,1504.66,17076810000
12/9/2007,1505.11,1523.57,1467.78,1467.95,1467.95,18510280000
12/16/2007,1465.05,1485.40,1435.65,1484.46,1484.46,18729500000
12/23/2007,1484.55,1498.85,1471.70,1478.49,1478.49,8064200000
12/30/2007,1475.25,1475.83,1411.19,1411.63,1411.63,13489030000
1/6/2008,1414.07,1430.28,1378.70,1401.02,1401.02,23944010000
1/13/2008,1402.91,1417.89,1312.51,1325.19,1325.19,25032320000
1/20/2008,1312.94,1368.56,1270.05,1330.61,1330.61,20403920000
1/27/2008,1330.70,1396.02,1322.26,1395.42,1395.42,22697710000
2/3/2008,1395.38,1395.38,1316.75,1331.29,1331.29,20177290000
2/10/2008,1331.92,1369.23,1320.32,1349.99,1349.99,18722260000
2/17/2008,1355.86,1367.94,1327.04,1353.11,1353.11,14753390000
2/24/2008,1352.75,1388.34,1325.42,1330.63,1330.63,20232420000
3/2/2008,1330.45,1344.19,1282.43,1293.37,1293.37,22041330000
3/9/2008,1293.16,1333.26,1272.66,1288.14,1288.14,24011740000
3/16/2008,1283.21,1341.51,1256.98,1329.51,1329.51,22522410000
3/23/2008,1330.29,1359.68,1312.95,1315.22,1315.22,20424700000
3/30/2008,1315.92,1380.91,1312.81,1370.40,1370.40,20877750000
4/6/2008,1373.69,1386.74,1331.21,1332.83,1332.83,18316890000
4/13/2008,1332.20,1395.90,1324.35,1390.33,1390.33,19342880000
4/20/2008,1387.72,1399.11,1369.84,1397.84,1397.84,19698890000
4/27/2008,1397.96,1422.72,1383.07,1413.90,1413.90,20333020000
5/4/2008,1415.34,1421.57,1384.11,1388.28,1388.28,18756220000
5/11/2008,1389.40,1425.82,1386.20,1425.35,1425.35,19047660000
5/18/2008,1425.28,1440.24,1373.72,1375.93,1375.93,19528620000
5/25/2008,1375.97,1406.32,1373.07,1400.38,1400.38,15256170000
6/1/2008,1399.62,1404.05,1359.90,1360.68,1360.68,21571790000
6/8/2008,1360.83,1370.63,1331.29,1360.03,1360.03,22634280000
6/15/2008,1358.85,1366.59,1314.46,1317.93,1317.93,22219040000
6/22/2008,1319.77,1335.63,1272.00,1278.38,1278.38,25156600000
6/29/2008,1278.06,1292.17,1252.01,1262.90,1262.90,19402300000
7/6/2008,1262.90,1277.36,1225.35,1239.49,1239.49,29063160000
7/13/2008,1241.61,1262.31,1200.44,1260.68,1260.68,32555620000
7/20/2008,1261.82,1291.17,1248.83,1257.76,1257.76,28317240000
7/27/2008,1257.76,1284.93,1234.37,1260.31,1260.31,25359450000
8/3/2008,1253.27,1297.85,1247.45,1296.32,1296.32,20941200000
8/10/2008,1294.42,1313.15,1274.86,1298.20,1298.20,22672020000
8/17/2008,1298.14,1300.22,1261.16,1292.20,1292.20,20317740000
8/24/2008,1290.47,1300.68,1263.21,1282.83,1282.83,17650180000
8/31/2008,1287.83,1303.04,1217.23,1242.31,1242.31,20070120000
9/7/2008,1249.50,1274.42,1211.54,1251.70,1251.70,34417920000
9/14/2008,1250.92,1265.12,1133.50,1255.08,1255.08,46641070000
9/21/2008,1255.37,1255.37,1179.79,1213.27,1213.27,26635470000
9/28/2008,1209.07,1209.07,1098.14,1099.23,1099.23,31026630000
10/5/2008,1097.56,1097.56,839.80,899.22,899.22,42016790000
10/12/2008,912.75,1044.31,865.83,940.55,940.55,36533970000
10/19/2008,943.51,985.44,852.85,876.77,876.77,30185400000
10/26/2008,874.28,984.38,845.27,968.75,968.75,32302980000
11/2/2008,968.67,1007.51,899.73,930.99,930.99,26484080000
11/9/2008,936.75,951.95,818.69,873.29,873.29,29064670000
11/16/2008,873.23,882.29,741.02,800.03,800.03,36745200000
11/23/2008,801.20,896.25,801.20,896.24,896.24,23366260000
11/30/2008,888.61,888.61,815.69,876.07,876.07,30469750000
12/7/2008,882.71,918.57,851.35,879.73,879.73,29662270000
12/14/2008,881.07,918.85,857.72,887.88,887.88,29279860000
12/21/2008,887.20,887.37,857.09,872.80,872.80,12348420000
12/28/2008,872.37,934.73,857.07,931.80,931.80,15172440000
1/4/2009,929.17,943.85,888.31,890.35,890.35,25219520000
1/11/2009,890.40,890.40,817.04,850.12,850.12,30293780000
1/18/2009,849.64,849.64,804.30,831.95,831.95,24519050000
1/25/2009,832.50,877.86,821.67,825.88,825.88,28010020000
2/1/2009,823.09,870.75,812.87,868.60,868.60,31088160000
2/8/2009,868.24,875.01,808.06,826.84,826.84,30044110000
2/15/2009,818.61,818.61,754.25,770.05,770.05,25606060000
2/22/2009,773.25,780.12,734.52,735.09,735.09,37753880000
3/1/2009,729.57,729.57,666.79,683.38,683.38,37964220000
3/8/2009,680.76,758.29,672.88,756.55,756.55,37297180000
3/15/2009,758.84,803.24,749.93,768.54,768.54,39816380000
3/22/2009,772.31,832.98,772.31,815.94,815.94,34764100000
3/29/2009,809.07,845.61,779.81,842.50,842.50,31434350000
4/5/2009,839.75,856.91,814.53,856.56,856.56,24904750000
4/12/2009,855.33,875.63,835.58,869.60,869.60,34196510000
4/19/2009,868.27,871.80,826.83,866.23,866.23,35415850000
4/26/2009,862.82,888.70,847.12,877.52,877.52,30217790000
5/3/2009,879.21,930.17,879.21,929.23,929.23,39760120000
5/10/2009,922.99,922.99,878.94,882.88,882.88,31688760000
5/17/2009,886.07,924.60,879.61,887.00,887.00,31698640000
5/24/2009,887.00,920.02,881.46,919.14,919.14,23155250000
5/31/2009,923.26,951.69,923.26,940.09,940.09,28312350000
6/7/2009,938.12,956.23,926.44,946.21,946.21,24331760000
6/14/2009,942.45,942.45,903.78,921.23,921.23,25570130000
6/21/2009,918.13,922.00,888.86,918.90,918.90,25599580000
6/28/2009,919.86,931.92,896.42,896.42,896.42,16689730000
7/5/2009,894.27,898.72,869.32,879.13,879.13,23366910000
7/12/2009,879.57,943.96,875.32,940.38,940.38,23927320000
7/19/2009,942.07,979.79,940.99,979.26,979.26,25016500000
7/26/2009,978.63,996.68,968.65,987.48,987.48,26474660000
8/2/2009,990.22,1018.00,990.22,1010.48,1010.48,32139730000
8/9/2009,1008.89,1013.14,992.40,1004.09,1004.09,26868820000
8/16/2009,998.18,1027.59,978.51,1026.13,1026.13,23323250000
8/23/2009,1026.59,1039.47,1016.20,1028.93,1028.93,28722910000
8/30/2009,1025.21,1028.45,991.97,1016.40,1016.40,26431300000
9/6/2009,1018.67,1048.18,1018.67,1042.73,1042.73,20551690000
9/13/2009,1040.15,1074.77,1035.00,1068.30,1068.30,30234840000
9/20/2009,1067.14,1080.15,1041.17,1044.38,1044.38,25406510000
9/27/2009,1045.38,1069.62,1019.95,1025.21,1025.21,26050400000
10/4/2009,1026.87,1071.51,1025.92,1071.49,1071.49,22333550000
10/11/2009,1071.63,1096.56,1066.71,1087.68,1087.68,23701850000
10/18/2009,1088.22,1101.36,1074.31,1079.60,1079.60,25592330000
10/25/2009,1080.36,1091.75,1033.38,1036.19,1036.19,30408570000
11/1/2009,1036.18,1071.48,1029.38,1069.30,1069.30,26451130000
11/8/2009,1072.31,1105.37,1072.31,1093.48,1093.48,21094360000
11/15/2009,1094.13,1113.69,1086.81,1091.38,1091.38,20612520000
11/22/2009,1094.86,1112.38,1083.74,1091.49,1091.49,12928000000
11/29/2009,1091.07,1119.13,1086.25,1105.98,1105.98,22677340000
12/6/2009,1105.52,1110.72,1085.89,1106.41,1106.41,20754380000
12/13/2009,1107.84,1116.21,1093.88,1102.47,1102.47,28364370000
12/20/2009,1105.31,1126.48,1105.31,1126.48,1126.48,12053050000
12/27/2009,1127.53,1130.38,1114.81,1115.10,1115.10,9561710000
1/3/2010,1116.56,1145.39,1116.56,1144.98,1144.98,21115350000
1/10/2010,1145.96,1150.41,1131.39,1136.03,1136.03,21816230000
1/17/2010,1136.03,1150.45,1090.18,1091.76,1091.76,22618330000
1/24/2010,1092.40,1103.69,1071.59,1073.87,1073.87,25397670000
1/31/2010,1073.89,1104.73,1044.50,1066.19,1066.19,25411190000
2/7/2010,1065.51,1080.04,1056.51,1075.51,1075.51,22017080000
2/14/2010,1079.13,1112.42,1079.13,1109.17,1109.17,16162900000
2/21/2010,1110.00,1112.29,1086.02,1104.49,1104.49,20970170000
2/28/2010,1105.36,1139.38,1105.36,1138.70,1138.70,20011650000
3/7/2010,1138.40,1153.41,1134.90,1149.99,1149.99,24026590000
3/14/2010,1148.53,1169.84,1141.45,1159.90,1159.90,22944000000
3/21/2010,1157.25,1180.69,1152.88,1166.59,1166.59,23756390000
3/28/2010,1167.71,1181.43,1165.77,1178.10,1178.10,16951790000
4/4/2010,1178.71,1194.66,1175.12,1194.37,1194.37,22307770000
4/11/2010,1194.94,1213.92,1186.77,1192.13,1192.13,29874510000
4/18/2010,1192.06,1217.28,1183.68,1217.28,1217.28,29000480000
4/25/2010,1217.07,1219.80,1181.62,1186.69,1186.69,31552280000
5/2/2010,1188.58,1205.13,1065.79,1110.88,1110.88,38419430000
5/9/2010,1122.27,1173.57,1122.27,1135.68,1135.68,28958750000
5/16/2010,1136.52,1148.66,1055.90,1087.69,1087.69,32640260000
5/23/2010,1084.78,1103.52,1040.78,1089.41,1089.41,27644340000
5/30/2010,1087.30,1105.67,1060.50,1064.88,1064.88,21474390000
6/6/2010,1065.84,1092.25,1042.17,1091.60,1091.60,26847570000
6/13/2010,1095.00,1121.01,1089.03,1117.51,1117.51,23186040000
6/20/2010,1122.79,1131.23,1067.89,1076.76,1076.76,23498560000
6/27/2010,1077.50,1082.60,1010.91,1022.58,1022.58,25504460000
7/4/2010,1028.09,1078.16,1018.35,1077.96,1077.96,17677490000
7/11/2010,1077.23,1099.46,1063.32,1064.88,1064.88,22438320000
7/18/2010,1066.85,1103.73,1056.88,1102.66,1102.66,22901430000
7/25/2010,1102.89,1120.95,1088.01,1101.60,1101.60,21356600000
8/1/2010,1107.53,1128.75,1107.17,1121.64,1121.64,19817300000
8/8/2010,1122.80,1129.24,1076.69,1079.25,1079.25,20320520000
8/15/2010,1077.49,1100.14,1063.91,1071.69,1071.69,18887030000
8/22/2010,1073.36,1081.58,1039.70,1064.59,1064.59,19756640000
8/29/2010,1062.90,1105.10,1040.88,1104.51,1104.51,18592350000
9/5/2010,1102.60,1110.88,1091.15,1109.55,1109.55,12780950000
9/12/2010,1113.38,1131.47,1113.38,1125.59,1125.59,19862160000
9/19/2010,1126.57,1148.90,1122.79,1148.67,1148.67,19422610000
9/26/2010,1148.64,1157.16,1132.09,1146.24,1146.24,20187050000
10/3/2010,1144.96,1167.73,1131.87,1165.15,1165.15,19528080000
10/10/2010,1165.32,1184.38,1155.71,1176.19,1176.19,22245800000
10/17/2010,1176.83,1189.43,1159.71,1183.08,1183.08,22881410000
10/24/2010,1184.74,1196.14,1171.70,1183.26,1183.26,20582070000
10/31/2010,1185.71,1227.08,1177.65,1225.85,1225.85,23993790000
11/7/2010,1223.24,1226.84,1194.08,1199.21,1199.21,21491310000
11/14/2010,1200.44,1207.43,1173.00,1199.73,1199.73,20887180000
11/21/2010,1198.07,1198.94,1176.91,1189.40,1189.40,12820640000
11/28/2010,1189.08,1225.57,1173.64,1224.71,1224.71,21212840000
12/5/2010,1223.87,1240.40,1219.50,1240.40,1240.40,24175410000
12/12/2010,1242.52,1246.73,1232.85,1243.91,1243.91,22270220000
12/19/2010,1245.76,1259.39,1241.51,1256.77,1256.77,10828420000
12/26/2010,1254.66,1262.60,1251.48,1257.64,1257.64,10455790000
1/2/2011,1257.62,1278.17,1257.62,1271.50,1271.50,23655220000
1/9/2011,1270.84,1293.24,1262.18,1293.24,1293.24,21286570000
1/16/2011,1293.22,1296.06,1271.26,1283.35,1283.35,19899340000
1/23/2011,1283.29,1302.67,1275.10,1276.34,1276.34,23156650000
1/30/2011,1276.50,1311.00,1276.50,1310.87,1310.87,21726860000
2/6/2011,1311.85,1330.79,1311.74,1329.15,1329.15,20109950000
2/13/2011,1328.73,1344.07,1324.61,1343.01,1343.01,12589110000
2/20/2011,1338.91,1338.91,1294.26,1319.88,1319.88,7712050000
2/27/2011,1321.61,1332.28,1302.58,1321.15,1321.15,12022480000
3/6/2011,1322.72,1327.68,1291.99,1304.28,1304.28,20669090000
3/13/2011,1301.19,1301.19,1249.05,1279.21,1279.21,23905220000
3/20/2011,1281.65,1319.18,1281.65,1313.80,1313.80,20090110000
3/27/2011,1315.45,1337.85,1305.26,1332.41,1332.41,18297330000
4/3/2011,1333.56,1339.46,1322.94,1328.17,1328.17,19888170000
4/10/2011,1329.01,1333.77,1302.42,1319.68,1319.68,19701690000
4/17/2011,1313.35,1337.49,1294.70,1337.38,1337.38,15933560000
4/24/2011,1337.14,1364.56,1331.47,1363.61,1363.61,17617650000
5/1/2011,1365.21,1370.58,1329.17,1340.20,1340.20,20363720000
5/8/2011,1340.20,1359.44,1332.03,1337.77,1337.77,19539110000
5/15/2011,1334.77,1346.82,1318.51,1333.27,1333.27,19514380000
5/22/2011,1333.07,1334.62,1311.80,1331.10,1331.10,17595530000
5/29/2011,1331.10,1345.20,1297.90,1300.16,1300.16,16204530000
6/5/2011,1300.26,1300.26,1268.28,1270.98,1270.98,18551800000
6/12/2011,1271.31,1292.50,1258.07,1271.50,1271.50,20466010000
6/19/2011,1271.50,1298.61,1262.87,1268.45,1268.45,19888020000
6/26/2011,1268.44,1341.01,1267.53,1339.67,1339.67,19505540000
7/3/2011,1339.59,1356.48,1330.92,1343.80,1343.80,14950400000
7/10/2011,1343.31,1343.31,1306.51,1316.14,1316.14,20768430000
7/17/2011,1315.94,1347.00,1295.92,1345.02,1345.02,20550440000
7/24/2011,1344.32,1344.32,1282.86,1292.28,1292.28,21035970000
7/31/2011,1292.59,1307.38,1168.09,1199.38,1199.38,26341740000
8/7/2011,1198.48,1198.48,1101.54,1178.81,1178.81,19325310000
8/14/2011,1178.86,1208.47,1122.05,1123.53,1123.53,22135160000
8/21/2011,1123.55,1190.68,1121.09,1176.80,1176.80,26548480000
8/28/2011,1177.91,1230.71,1170.56,1173.97,1173.97,23250630000
9/4/2011,1173.97,1204.40,1140.13,1154.23,1154.23,18596560000
9/11/2011,1153.50,1220.06,1136.07,1216.01,1216.01,24565280000
9/18/2011,1214.99,1220.39,1114.22,1136.43,1136.43,25641420000
9/25/2011,1136.91,1195.86,1131.07,1131.42,1131.42,24801410000
10/2/2011,1131.21,1171.40,1074.77,1155.46,1155.46,22574340000
10/9/2011,1158.15,1224.61,1158.15,1224.58,1224.58,22779620000
10/16/2011,1224.47,1239.03,1191.48,1238.25,1238.25,23838320000
10/23/2011,1238.72,1292.66,1221.06,1285.09,1285.09,24561180000
10/30/2011,1284.96,1284.96,1215.42,1253.23,1253.23,22746070000
11/6/2011,1253.21,1277.55,1226.64,1263.85,1263.85,19370910000
11/13/2011,1263.85,1264.25,1209.43,1215.65,1215.65,19328050000
11/20/2011,1215.62,1215.62,1158.66,1158.67,1158.67,13424920000
11/27/2011,1158.67,1260.08,1158.67,1244.28,1244.28,21678300000
12/4/2011,1244.33,1267.06,1231.47,1255.19,1255.19,20171810000
12/11/2011,1255.05,1255.05,1209.47,1219.66,1219.66,21176570000
12/18/2011,1219.74,1265.42,1202.37,1265.33,1265.33,16400510000
12/25/2011,1265.02,1269.37,1248.64,1257.60,1257.60,9030550000
1/1/2012,1258.86,1284.62,1258.86,1277.81,1277.81,15509070000
1/8/2012,1277.83,1296.82,1274.55,1289.09,1289.09,19273940000
1/15/2012,1290.22,1315.49,1290.22,1315.38,1315.38,16485160000
1/22/2012,1315.29,1333.47,1306.06,1316.33,1316.33,20404830000
1/29/2012,1316.16,1345.34,1300.49,1344.90,1344.90,21128390000
2/5/2012,1344.32,1354.32,1335.92,1342.64,1342.64,19306360000
2/12/2012,1343.06,1363.40,1340.80,1361.23,1361.23,19414420000
2/19/2012,1361.22,1368.92,1352.28,1365.74,1365.74,14720720000
2/26/2012,1365.20,1378.04,1354.92,1369.63,1369.63,18913110000
3/4/2012,1369.59,1374.76,1340.03,1370.87,1370.87,18383450000
3/11/2012,1370.78,1405.88,1366.69,1404.17,1404.17,21406220000
3/18/2012,1404.17,1414.00,1386.87,1397.11,1397.11,18414980000
3/25/2012,1397.11,1419.15,1391.56,1408.47,1408.47,18492280000
4/1/2012,1408.47,1422.38,1392.92,1398.08,1398.08,14636130000
4/8/2012,1397.45,1397.45,1357.38,1370.26,1370.26,19093190000
4/15/2012,1370.27,1392.76,1365.38,1378.53,1378.53,18507460000
4/22/2012,1378.53,1406.64,1358.79,1403.36,1403.36,18950920000
4/29/2012,1403.26,1415.32,1367.96,1369.10,1369.10,19165870000
5/6/2012,1368.79,1373.91,1343.13,1353.39,1353.39,19706660000
5/13/2012,1351.93,1351.93,1291.98,1295.22,1295.22,21259330000
5/20/2012,1295.73,1328.49,1295.73,1317.82,1317.82,18829090000
5/27/2012,1318.90,1334.93,1277.25,1278.04,1278.04,16202900000
6/3/2012,1278.29,1329.05,1266.74,1325.66,1325.66,19438880000
6/10/2012,1325.72,1343.32,1306.62,1342.84,1342.84,18576250000
6/17/2012,1342.42,1363.46,1324.41,1335.02,1335.02,20136440000
6/24/2012,1334.90,1362.17,1309.27,1362.16,1362.16,18761520000
7/1/2012,1362.33,1374.81,1348.03,1354.68,1354.68,11204700000
7/8/2012,1354.66,1361.54,1325.41,1356.78,1356.78,16669120000
7/15/2012,1356.50,1380.39,1345.07,1362.66,1362.66,18040410000
7/22/2012,1362.34,1389.19,1329.24,1385.97,1385.97,20155950000
7/29/2012,1385.94,1394.16,1354.65,1390.99,1390.99,19419460000
8/5/2012,1391.04,1407.14,1391.04,1405.87,1405.87,15913920000
8/12/2012,1405.87,1418.71,1397.32,1418.16,1418.16,14123730000
8/19/2012,1417.85,1426.68,1398.04,1411.13,1411.13,14718990000
8/26/2012,1411.13,1416.17,1397.01,1406.58,1406.58,13141340000
9/2/2012,1406.54,1437.92,1396.56,1437.92,1437.92,14259910000
9/9/2012,1437.92,1474.51,1428.98,1465.77,1465.77,20023040000
9/16/2012,1465.42,1467.07,1449.98,1460.15,1460.15,18527570000
9/23/2012,1459.76,1463.24,1430.53,1440.67,1440.67,16973760000
9/30/2012,1440.90,1470.96,1439.01,1460.93,1460.93,17147310000
10/7/2012,1460.93,1460.93,1425.53,1428.59,1428.59,15577390000
10/14/2012,1428.75,1464.02,1427.24,1433.19,1433.19,18463100000
10/21/2012,1433.21,1435.46,1403.28,1411.94,1411.94,16987410000
10/28/2012,1410.99,1434.27,1405.95,1414.20,1414.20,11239480000
11/4/2012,1414.02,1433.38,1373.03,1379.85,1379.85,18011370000
11/11/2012,1379.86,1388.81,1343.35,1359.88,1359.88,18107380000
11/18/2012,1359.88,1409.16,1359.88,1409.15,1409.15,10754010000
11/25/2012,1409.15,1419.70,1385.43,1416.18,1416.18,16954180000
12/2/2012,1416.34,1423.73,1398.23,1418.07,1418.07,16930770000
12/9/2012,1418.07,1438.59,1411.88,1413.58,1413.58,16918840000
12/16/2012,1413.54,1448.00,1413.54,1430.15,1430.15,20543390000
12/23/2012,1430.15,1430.15,1401.58,1402.43,1402.43,8790850000
12/30/2012,1402.43,1467.94,1398.11,1466.47,1466.47,14660950000
1/6/2013,1466.47,1472.75,1451.64,1472.05,1472.05,18003450000
1/13/2013,1472.05,1485.98,1463.76,1485.98,1485.98,17024890000
1/20/2013,1485.98,1503.26,1481.16,1502.96,1502.96,14298680000
1/27/2013,1502.96,1514.41,1496.33,1513.17,1513.17,18901190000
2/3/2013,1513.17,1518.31,1495.02,1517.93,1517.93,17220660000
2/10/2013,1517.93,1524.69,1513.61,1519.79,1519.79,17082600000
2/17/2013,1519.79,1530.94,1497.29,1515.60,1515.60,15683400000
2/24/2013,1515.60,1525.84,1485.01,1518.20,1518.20,19146110000
3/3/2013,1518.20,1552.48,1512.29,1551.18,1551.18,17988980000
3/10/2013,1551.15,1563.62,1547.36,1560.70,1560.70,18074930000
3/17/2013,1560.70,1561.56,1538.57,1556.89,1556.89,16501510000
3/24/2013,1556.89,1570.28,1546.22,1569.19,1569.19,12266080000
3/31/2013,1569.18,1573.66,1539.50,1553.28,1553.28,16991960000
4/7/2013,1553.26,1597.35,1548.63,1588.85,1588.85,16193490000
4/14/2013,1588.84,1588.84,1536.03,1555.25,1555.25,20025810000
4/21/2013,1555.25,1592.64,1548.19,1582.24,1582.24,17250470000
4/28/2013,1582.34,1618.46,1581.28,1614.42,1614.42,17137450000
5/5/2013,1614.40,1635.01,1614.21,1633.70,1633.70,16470390000
5/12/2013,1632.10,1667.47,1626.74,1667.47,1667.47,16979670000
5/19/2013,1665.71,1687.18,1635.53,1649.60,1649.60,17853250000
5/26/2013,1652.63,1674.21,1630.74,1630.74,1630.74,14642760000
6/2/2013,1631.71,1646.53,1598.23,1643.38,1643.38,18157630000
6/9/2013,1644.67,1648.69,1608.07,1626.73,1626.73,15935010000
6/16/2013,1630.64,1654.19,1577.70,1592.43,1592.43,20459250000
6/23/2013,1588.77,1620.07,1560.33,1606.28,1606.28,20394900000
6/30/2013,1609.78,1632.07,1604.57,1631.89,1631.89,11022010000
7/7/2013,1634.20,1680.19,1634.20,1680.19,1680.19,16166370000
7/14/2013,1679.59,1693.12,1671.84,1692.09,1692.09,15613300000
7/21/2013,1694.41,1698.78,1676.03,1691.65,1691.65,15296700000
7/28/2013,1690.32,1709.67,1681.86,1709.67,1709.67,16920240000
8/4/2013,1708.01,1709.24,1684.91,1691.42,1691.42,14910070000
8/11/2013,1688.37,1696.81,1652.61,1655.83,1655.83,15334290000
8/18/2013,1655.25,1664.85,1639.43,1663.50,1663.50,13950930000
8/25/2013,1664.29,1669.51,1627.47,1632.97,1632.97,13695720000
9/1/2013,1635.95,1664.83,1633.41,1655.17,1655.17,13124750000
9/8/2013,1656.85,1689.97,1656.85,1687.99,1687.99,15772830000
9/15/2013,1691.70,1729.86,1691.70,1709.91,1709.91,18657960000
9/22/2013,1711.44,1711.44,1687.11,1691.75,1691.75,15310240000
9/29/2013,1687.26,1696.55,1670.36,1690.50,1690.50,15855840000
10/6/2013,1687.15,1703.44,1646.47,1703.20,1703.20,16132530000
10/13/2013,1699.86,1745.31,1692.13,1744.50,1744.50,16512980000
10/20/2013,1745.20,1759.82,1740.50,1759.77,1759.77,17464350000
10/27/2013,1759.42,1775.22,1752.70,1761.64,1761.64,17676620000
11/3/2013,1763.40,1774.54,1746.20,1770.61,1770.61,18014020000
11/10/2013,1769.96,1798.22,1760.64,1798.18,1798.18,15476450000
11/17/2013,1798.82,1804.84,1777.23,1804.76,1804.76,15813880000
11/24/2013,1806.33,1813.55,1800.58,1805.81,1805.81,10637550000
12/1/2013,1806.55,1810.02,1779.09,1805.09,1805.09,16668560000
12/8/2013,1806.21,1811.52,1772.28,1775.32,1775.32,16086600000
12/15/2013,1777.48,1823.75,1767.99,1818.32,1818.32,19402600000
12/22/2013,1822.92,1844.89,1822.92,1841.40,1841.40,8194360000
12/29/2013,1841.47,1849.44,1827.74,1831.37,1831.37,10461570000
1/5/2014,1832.31,1843.23,1823.73,1842.37,1842.37,17375600000
1/12/2014,1841.26,1850.84,1815.52,1838.70,1838.70,17839850000
1/19/2014,1841.05,1849.31,1790.29,1790.29,1790.29,15747340000
1/26/2014,1791.03,1798.77,1770.45,1782.59,1782.59,19054250000
2/2/2014,1782.68,1798.03,1737.92,1797.02,1797.02,20380140000
2/9/2014,1796.20,1841.65,1791.83,1838.63,1838.63,16742180000
2/16/2014,1839.03,1847.50,1824.58,1836.25,1836.25,13891540000
2/23/2014,1836.78,1867.92,1836.78,1859.45,1859.45,18711730000
3/2/2014,1857.68,1883.57,1834.44,1878.04,1878.04,17512170000
3/9/2014,1877.86,1882.35,1839.57,1841.13,1841.13,16641060000
3/16/2014,1842.81,1883.97,1842.81,1866.52,1866.52,17678140000
3/23/2014,1867.67,1875.92,1842.11,1857.62,1857.62,16779360000
3/30/2014,1859.16,1897.28,1859.16,1865.09,1865.09,16381500000
4/6/2014,1863.92,1872.53,1814.36,1815.69,1815.69,18333880000
4/13/2014,1818.18,1869.63,1815.80,1864.85,1864.85,13344490000
4/20/2014,1865.79,1884.89,1859.70,1863.40,1863.40,15348510000
4/27/2014,1865.00,1891.33,1850.61,1881.14,1881.14,18038030000
5/4/2014,1879.45,1889.07,1859.79,1878.48,1878.48,16112380000
5/11/2014,1880.03,1902.17,1862.36,1877.86,1877.86,15469770000
5/18/2014,1876.66,1901.26,1868.14,1900.53,1900.53,13605170000
5/25/2014,1902.01,1924.03,1902.01,1923.57,1923.57,11860010000
6/1/2014,1923.87,1949.44,1915.98,1949.44,1949.44,14147690000
6/8/2014,1948.97,1955.55,1925.78,1936.16,1936.16,13863870000
6/15/2014,1934.84,1963.91,1930.91,1962.87,1962.87,16251000000
6/22/2014,1962.92,1968.17,1944.69,1960.96,1960.96,15983470000
6/29/2014,1960.79,1985.59,1958.22,1985.44,1985.44,11075160000
7/6/2014,1984.22,1984.22,1952.86,1967.57,1967.57,14692810000
7/13/2014,1969.86,1983.94,1955.59,1978.22,1978.22,15952350000
7/20/2014,1976.93,1991.39,1965.77,1978.34,1978.34,14213850000
7/27/2014,1978.25,1984.85,1916.37,1925.15,1925.15,17417530000
8/3/2014,1926.62,1942.92,1904.78,1931.59,1931.59,16207390000
8/10/2014,1933.43,1964.04,1928.29,1955.06,1955.06,13747450000
8/17/2014,1958.36,1994.76,1958.36,1988.40,1988.40,12814930000
8/24/2014,1991.74,2005.04,1990.52,2003.37,2003.37,11571710000
8/31/2014,2004.07,2011.17,1990.10,2007.71,2007.71,11520670000
9/7/2014,2007.17,2007.17,1980.26,1985.54,1985.54,14732610000
9/14/2014,1986.04,2019.26,1978.48,2010.40,2010.40,17261820000
9/21/2014,2009.08,2009.08,1965.99,1982.85,1982.85,16145360000
9/28/2014,1978.96,1985.17,1926.03,1967.90,1967.90,18807610000
10/5/2014,1970.01,1977.84,1906.05,1906.13,1906.13,20382540000
10/12/2014,1905.65,1912.09,1820.66,1886.76,1886.76,24810660000
10/19/2014,1885.62,1965.27,1882.30,1964.58,1964.58,17947860000
10/26/2014,1962.97,2018.19,1951.37,2018.05,2018.05,18810910000
11/2/2014,2018.21,2034.26,2001.01,2031.92,2031.92,18652340000
11/9/2014,2032.01,2046.18,2030.17,2039.82,2039.82,16172310000
11/16/2014,2038.29,2071.46,2034.46,2063.50,2063.50,17004640000
11/23/2014,2065.07,2075.76,2064.75,2067.56,2067.56,11770900000
11/30/2014,2065.78,2079.47,2049.57,2075.37,2075.37,18286300000
12/7/2014,2074.84,2075.78,2002.33,2002.33,2002.33,19961180000
12/14/2014,2005.03,2077.85,1972.56,2070.65,2070.65,25431950000
12/21/2014,2069.28,2092.70,2069.28,2088.77,2088.77,9565680000
12/28/2014,2087.63,2093.55,2046.04,2058.20,2058.20,10207410000
1/4/2015,2054.44,2064.43,1992.44,2044.81,2044.81,19362860000
1/11/2015,2046.13,2056.93,1988.12,2019.42,2019.42,20275570000
1/18/2015,2020.76,2064.62,2004.49,2051.82,2051.82,15424020000
1/25/2015,2050.42,2057.62,1989.18,1994.99,1994.99,19558890000
2/1/2015,1996.67,2072.40,1980.90,2055.47,2055.47,20821110000
2/8/2015,2053.47,2097.03,2041.88,2096.99,2096.99,18132050000
2/15/2015,2096.47,2110.61,2085.44,2110.30,2110.30,13260470000
2/22/2015,2109.83,2119.59,2103.00,2104.50,2104.50,16561930000
3/1/2015,2105.23,2117.52,2067.27,2071.26,2071.26,17049500000
3/8/2015,2072.25,2083.49,2039.69,2053.40,2053.40,17328980000
3/15/2015,2055.35,2113.92,2055.35,2108.10,2108.10,19504990000
3/22/2015,2107.99,2114.86,2045.50,2061.02,2061.02,16498140000
3/29/2015,2064.11,2088.97,2048.38,2066.96,2066.96,12933470000
4/5/2015,2064.87,2102.61,2056.52,2102.06,2102.06,15962370000
4/12/2015,2102.03,2111.91,2072.37,2081.18,2081.18,17285170000
4/19/2015,2084.11,2120.92,2084.11,2117.69,2117.69,16604500000
4/26/2015,2119.29,2125.92,2077.59,2108.29,2108.29,18949060000
5/3/2015,2110.23,2120.95,2067.93,2116.10,2116.10,17753820000
5/10/2015,2115.56,2123.89,2085.57,2122.73,2122.73,15824270000
5/17/2015,2121.30,2134.72,2120.01,2126.06,2126.06,14852420000
5/24/2015,2125.34,2126.22,2099.18,2107.39,2107.39,13377830000
5/31/2015,2108.64,2121.92,2085.67,2092.83,2092.83,15604780000
6/7/2015,2092.34,2115.02,2072.14,2094.11,2094.11,15214050000
6/14/2015,2091.34,2126.65,2072.49,2109.99,2109.99,17173880000
6/21/2015,2112.50,2129.87,2095.38,2101.49,2101.49,17463770000
6/28/2015,2098.63,2098.63,2056.32,2076.78,2076.78,14481300000
7/5/2015,2073.95,2083.74,2044.02,2076.62,2076.62,18065680000
7/12/2015,2080.03,2128.91,2080.03,2126.64,2126.64,15950490000
7/19/2015,2126.85,2132.82,2077.09,2079.65,2079.65,17926480000
7/26/2015,2078.19,2114.24,2063.52,2103.84,2103.84,19254140000
8/2/2015,2104.49,2112.66,2067.91,2077.57,2077.57,18841050000
8/9/2015,2080.98,2105.35,2052.09,2091.54,2091.54,17509360000
8/16/2015,2089.70,2103.47,1970.89,1970.89,1970.89,18271310000
8/23/2015,1965.15,1993.48,1867.01,1988.87,1988.87,26089970000
8/30/2015,1986.73,1986.73,1903.07,1921.22,1921.22,18717360000
9/6/2015,1927.30,1988.63,1927.30,1961.05,1961.05,14045680000
9/13/2015,1963.06,2020.86,1948.27,1958.03,1958.03,20075770000
9/20/2015,1960.84,1979.64,1908.92,1931.34,1931.34,18081540000
9/27/2015,1929.18,1951.36,1871.91,1951.36,1951.36,21346290000
10/4/2015,1954.33,2020.13,1954.33,2014.89,2014.89,20849400000
10/11/2015,2015.65,2033.54,1990.73,2033.11,2033.11,17281480000
10/18/2015,2031.73,2079.74,2017.22,2075.15,2075.15,18785920000
10/25/2015,2075.08,2094.32,2058.84,2079.36,2079.36,20565930000
11/1/2015,2080.76,2116.48,2080.76,2099.20,2099.20,20531860000
11/8/2015,2096.56,2096.56,2022.02,2023.04,2023.04,19691320000
11/15/2015,2022.08,2097.06,2019.39,2089.17,2089.17,19652690000
11/22/2015,2089.41,2095.61,2070.29,2090.11,2090.11,11792690000
11/29/2015,2090.95,2104.27,2042.35,2091.69,2091.69,20459190000
12/6/2015,2090.42,2090.42,2008.80,2012.37,2012.37,20618850000
12/13/2015,2013.37,2076.72,1993.26,2005.55,2005.55,24611890000
12/20/2015,2010.27,2067.36,2005.93,2060.99,2060.99,12177090000
12/27/2015,2057.77,2081.56,2043.62,2043.94,2043.94,10057270000
1/3/2016,2038.20,2038.20,1918.46,1922.03,1922.03,22089690000
1/10/2016,1926.12,1950.33,1857.83,1880.33,1880.33,25291150000
1/17/2016,1888.66,1908.85,1812.29,1906.90,1906.90,21324990000
1/24/2016,1906.28,1940.24,1872.70,1940.24,1940.24,23703940000
1/31/2016,1936.94,1947.20,1872.23,1880.05,1880.05,24081930000
2/7/2016,1873.25,1881.60,1810.10,1864.78,1864.78,25488570000
2/14/2016,1871.44,1930.68,1871.44,1917.78,1917.78,18161550000
2/21/2016,1924.44,1962.96,1891.00,1948.05,1948.05,20729330000
2/28/2016,1947.13,2009.13,1931.81,1999.99,1999.99,25206170000
3/6/2016,1996.11,2022.37,1969.25,2022.19,2022.19,22103360000
3/13/2016,2019.27,2052.36,2005.23,2049.58,2049.58,22138770000
3/20/2016,2047.88,2056.60,2022.49,2035.94,2035.94,13842290000
3/27/2016,2037.89,2075.07,2028.31,2072.78,2072.78,17687000000
4/3/2016,2073.19,2074.02,2033.80,2047.60,2047.60,18552210000
4/10/2016,2050.23,2087.84,2039.74,2080.73,2080.73,19466730000
4/17/2016,2078.83,2111.05,2073.65,2091.58,2091.58,19364460000
4/24/2016,2089.37,2099.89,2052.28,2065.30,2065.30,19991600000
5/1/2016,2067.17,2083.42,2039.45,2057.14,2057.14,19877940000
5/8/2016,2057.55,2084.87,2043.13,2046.61,2046.61,18573070000
5/15/2016,2046.53,2071.88,2025.91,2052.32,2052.32,19066060000
5/22/2016,2052.23,2099.06,2047.26,2099.06,2099.06,16852120000
5/29/2016,2100.13,2105.26,2085.10,2099.13,2099.13,15300080000
6/5/2016,2100.83,2120.55,2089.96,2096.07,2096.07,17344140000
6/12/2016,2091.75,2098.12,2050.37,2071.22,2071.22,19277430000
6/19/2016,2075.58,2113.32,2032.57,2037.41,2037.41,20763870000
6/26/2016,2031.45,2108.71,1991.68,2102.95,2102.95,22140480000
7/3/2016,2095.05,2131.71,2074.02,2129.90,2129.90,14779810000
7/10/2016,2131.72,2169.05,2131.72,2161.74,2161.74,17441690000
7/17/2016,2162.04,2175.63,2159.01,2175.03,2175.03,15651690000
7/24/2016,2173.71,2177.09,2159.07,2173.60,2173.60,18198170000
7/31/2016,2173.15,2182.87,2147.58,2182.87,2182.87,18513540000
8/7/2016,2183.76,2188.45,2172.00,2184.05,2184.05,16340620000
8/14/2016,2186.08,2193.81,2168.50,2183.87,2183.87,16049210000
8/21/2016,2181.58,2193.42,2160.39,2169.04,2169.04,15278970000
8/28/2016,2170.19,2184.87,2157.09,2179.98,2179.98,15911210000
9/4/2016,2181.61,2187.87,2127.81,2127.81,2127.81,14728870000
9/11/2016,2120.86,2163.30,2119.12,2139.16,2139.16,20204330000
9/18/2016,2143.99,2179.99,2135.91,2164.69,2164.69,16885840000
9/25/2016,2158.54,2175.30,2141.55,2168.27,2168.27,18967960000
10/2/2016,2164.33,2165.86,2144.01,2153.74,2153.74,17876430000
10/9/2016,2160.39,2169.60,2114.72,2132.98,2132.98,16140520000
10/16/2016,2132.95,2148.44,2124.43,2141.16,2141.16,16149080000
10/23/2016,2148.50,2154.79,2119.36,2126.41,2126.41,19108200000
10/30/2016,2129.78,2133.25,2083.79,2085.18,2085.18,20427740000
11/6/2016,2100.59,2182.30,2100.59,2164.45,2164.45,25356830000
11/13/2016,2165.64,2189.89,2156.08,2181.90,2181.90,21123210000
11/20/2016,2186.43,2213.35,2186.43,2213.35,2213.35,12568190000
11/27/2016,2210.21,2214.10,2187.44,2191.95,2191.95,21589430000
12/4/2016,2200.65,2259.80,2199.97,2259.53,2259.53,20337430000
12/11/2016,2258.83,2277.53,2248.44,2258.07,2258.07,22387610000
12/18/2016,2259.24,2272.56,2256.08,2263.79,2263.79,14296250000
12/25/2016,2266.23,2273.82,2233.62,2238.83,2238.83,9386710000
1/1/2017,2251.57,2282.10,2245.13,2276.98,2276.98,14637130000
1/8/2017,2273.59,2279.27,2254.25,2274.64,2274.64,17020210000
1/15/2017,2269.14,2276.96,2258.41,2271.31,2271.31,13591180000
1/22/2017,2267.78,2300.99,2257.02,2294.69,2294.69,17555940000
1/29/2017,2286.01,2298.31,2267.21,2297.42,2297.42,19001010000
2/5/2017,2294.28,2319.23,2285.38,2316.10,2316.10,17320440000
2/12/2017,2321.72,2351.31,2321.42,2351.16,2351.16,17831660000
2/19/2017,2354.91,2368.26,2352.87,2367.34,2367.34,14895280000
2/26/2017,2365.23,2400.98,2358.96,2383.12,2383.12,19514510000
3/5/2017,2375.23,2378.80,2354.54,2372.60,2372.60,17712480000
3/12/2017,2371.56,2390.01,2358.18,2378.25,2378.25,18757070000
3/19/2017,2378.24,2381.93,2335.74,2343.98,2343.98,17128980000
3/26/2017,2329.11,2370.42,2322.25,2362.72,2362.72,16227480000
4/2/2017,2362.34,2378.36,2344.73,2355.54,2355.54,16648230000
4/9/2017,2357.16,2366.37,2328.95,2328.95,2328.95,12243670000
4/16/2017,2332.62,2361.37,2332.51,2348.69,2348.69,16765230000
4/23/2017,2370.33,2398.16,2369.19,2384.20,2384.20,19608540000
4/30/2017,2388.50,2399.29,2379.75,2399.29,2399.29,18809590000
5/7/2017,2399.94,2403.87,2381.74,2390.90,2390.90,17759610000
5/14/2017,2393.98,2405.77,2352.72,2381.73,2381.73,19201970000
5/21/2017,2387.21,2418.71,2386.92,2415.82,2415.82,16116730000
5/28/2017,2411.67,2440.23,2403.59,2439.07,2439.07,15038090000
6/4/2017,2437.83,2446.20,2415.70,2431.77,2431.77,17598940000
6/11/2017,2425.88,2443.75,2418.53,2433.15,2433.15,19496610000
6/18/2017,2442.55,2453.82,2430.74,2438.30,2438.30,19022570000
6/25/2017,2443.32,2450.42,2405.70,2423.41,2423.41,17565550000
7/2/2017,2431.39,2439.17,2407.70,2425.18,2425.18,11595360000
7/9/2017,2424.51,2463.54,2412.79,2459.27,2459.27,15081810000
7/16/2017,2459.50,2477.62,2450.34,2472.54,2472.54,15057410000
7/23/2017,2472.04,2484.04,2459.93,2472.10,2472.10,17965610000
7/30/2017,2475.94,2480.38,2466.48,2476.83,2476.83,17288810000
8/6/2017,2477.14,2490.87,2437.75,2441.32,2441.32,16365480000
8/13/2017,2454.96,2474.93,2420.69,2425.55,2425.55,15247600000
8/20/2017,2425.50,2454.77,2417.35,2443.05,2443.05,13786300000
8/27/2017,2447.35,2480.38,2428.20,2476.55,2476.55,14107780000
9/3/2017,2470.35,2471.97,2446.55,2461.43,2461.43,13521090000
9/10/2017,2474.52,2500.23,2474.52,2500.23,2500.23,18158360000
9/17/2017,2502.51,2508.85,2496.54,2502.22,2502.22,15770230000
9/24/2017,2499.39,2519.44,2488.03,2519.36,2519.36,16177570000
10/1/2017,2521.20,2552.51,2520.40,2549.33,2549.33,15215390000
10/8/2017,2551.39,2557.65,2541.60,2553.17,2553.17,14721510000
10/15/2017,2555.57,2575.44,2547.92,2575.21,2575.21,15178860000
10/22/2017,2578.08,2582.98,2544.00,2581.07,2581.07,18269710000
10/29/2017,2577.75,2588.42,2566.17,2587.84,2587.84,18915260000
11/5/2017,2587.47,2597.02,2566.33,2582.30,2582.30,18566610000
11/12/2017,2576.53,2590.09,2557.45,2578.85,2578.85,17216450000
11/19/2017,2579.49,2604.21,2578.24,2602.42,2602.42,10448990000
11/26/2017,2602.66,2657.74,2598.87,2642.22,2642.22,19454370000
12/3/2017,2657.19,2665.19,2624.75,2651.50,2651.50,17189740000
12/10/2017,2652.19,2679.63,2651.47,2675.81,2675.81,19343950000
12/17/2017,2685.92,2694.97,2676.11,2683.34,2683.34,16007500000
12/24/2017,2679.09,2692.12,2673.61,2673.61,2673.61,8767680000
12/31/2017,2683.73,2743.45,2682.36,2743.15,2743.15,13837790000
1/7/2018,2742.67,2787.85,2736.06,2786.24,2786.24,17487770000
1/14/2018,2798.96,2810.33,2768.64,2810.30,2810.30,15424920000
1/21/2018,2809.16,2872.87,2808.12,2872.87,2872.87,18283880000
1/28/2018,2867.23,2870.62,2759.97,2762.13,2762.13,20065340000
2/4/2018,2741.06,2763.39,2532.69,2619.55,2619.55,26787200000
2/11/2018,2636.75,2754.42,2622.45,2732.22,2732.22,18854770000
2/18/2018,2722.99,2747.76,2697.77,2747.30,2747.30,14297470000
2/25/2018,2757.37,2789.15,2647.32,2691.25,2691.25,19786810000
3/4/2018,2681.06,2786.57,2675.75,2786.57,2786.57,17051190000
3/11/2018,2790.54,2801.90,2741.47,2752.01,2752.01,18750700000
3/18/2018,2741.38,2741.38,2585.89,2588.26,2588.26,17533550000
3/25/2018,2619.35,2674.78,2593.06,2640.87,2640.87,14647940000
4/1/2018,2633.45,2672.08,2553.80,2604.47,2604.47,16820340000
4/8/2018,2617.18,2680.26,2610.79,2656.30,2656.30,15609880000
4/15/2018,2670.10,2717.49,2660.61,2670.14,2670.14,16375430000
4/22/2018,2675.40,2683.55,2612.67,2669.91,2669.91,17108410000
4/29/2018,2682.51,2682.87,2594.62,2663.42,2663.42,18483840000
5/6/2018,2680.34,2732.86,2655.20,2727.72,2727.72,17060780000
5/13/2018,2738.47,2742.10,2701.91,2712.97,2712.97,16310100000
5/20/2018,2735.39,2742.24,2707.38,2721.33,2721.33,15963780000
5/27/2018,2705.11,2736.93,2676.81,2734.62,2734.62,15217440000
6/3/2018,2741.67,2779.90,2739.51,2779.03,2779.03,17380480000
6/10/2018,2780.18,2791.47,2761.73,2779.66,2779.66,19368250000
6/17/2018,2765.79,2774.99,2743.19,2754.88,2754.88,19026830000
6/24/2018,2742.94,2746.09,2691.99,2718.37,2718.37,17980020000
7/1/2018,2704.95,2764.41,2698.95,2759.82,2759.82,10493320000
7/8/2018,2775.62,2804.53,2770.73,2801.31,2801.31,14514320000
7/15/2018,2797.36,2816.76,2789.24,2801.83,2801.83,15449650000
7/22/2018,2799.17,2848.03,2795.14,2818.82,2818.82,16947010000
7/29/2018,2819.00,2840.38,2796.34,2840.35,2840.35,17132630000
8/5/2018,2840.29,2863.43,2825.81,2833.28,2833.28,15312600000
8/12/2018,2835.46,2855.63,2802.49,2850.13,2850.13,16024470000
8/19/2018,2853.93,2876.16,2850.62,2874.69,2874.69,13894820000
8/26/2018,2884.69,2916.50,2884.69,2901.52,2901.52,14011570000
9/2/2018,2896.96,2900.18,2864.12,2871.68,2871.68,12404170000
9/9/2018,2881.39,2908.30,2866.78,2904.98,2904.98,15300720000
9/16/2018,2903.83,2940.91,2886.16,2929.67,2929.67,18247730000
9/23/2018,2921.83,2931.15,2903.28,2913.98,2913.98,16539460000
9/30/2018,2926.29,2939.86,2869.29,2885.57,2885.57,17190620000
10/7/2018,2877.53,2894.83,2710.51,2767.13,2767.13,20208740000
10/14/2018,2763.83,2816.94,2749.03,2767.78,2767.78,17233120000
10/21/2018,2773.94,2778.94,2628.16,2658.69,2658.69,21802950000
10/28/2018,2682.65,2756.55,2603.54,2723.06,2723.06,23838850000
11/4/2018,2726.37,2815.15,2717.94,2781.01,2781.01,18698510000
11/11/2018,2773.93,2775.99,2670.75,2736.27,2736.27,20319060000
11/18/2018,2730.74,2733.16,2631.09,2632.56,2632.56,13016000000
11/25/2018,2649.97,2760.88,2649.97,2760.17,2760.17,19100190000
12/2/2018,2790.50,2800.18,2621.53,2633.08,2633.08,18044060000
12/9/2018,2630.86,2685.44,2583.23,2599.95,2599.95,19978530000
12/16/2018,2590.75,2601.13,2408.55,2416.62,2416.62,27409960000
12/23/2018,2400.56,2520.27,2346.58,2485.74,2485.74,14647150000
12/30/2018,2498.94,2538.07,2443.96,2531.94,2531.94,15212300000
1/6/2019,2535.61,2597.82,2524.56,2596.26,2596.26,19379210000
1/13/2019,2580.31,2675.47,2570.41,2670.71,2670.71,18859550000
1/20/2019,2657.88,2672.38,2612.86,2664.76,2664.76,14490970000
1/27/2019,2644.97,2716.66,2624.06,2706.53,2706.53,19661740000
2/3/2019,2706.49,2738.98,2681.83,2707.88,2707.88,18114780000
2/10/2019,2712.40,2775.66,2703.79,2775.60,2775.60,18338580000
2/17/2019,2769.28,2794.20,2764.55,2792.67,2792.67,14356680000
2/24/2019,2804.35,2813.49,2775.13,2803.69,2803.69,19586400000
3/3/2019,2814.37,2816.88,2722.27,2743.07,2743.07,18620090000
3/10/2019,2747.61,2830.73,2747.61,2822.48,2822.48,20361870000
3/17/2019,2822.61,2860.31,2800.47,2800.71,2800.71,18727610000
3/24/2019,2796.01,2836.03,2785.02,2834.40,2834.40,16914430000
3/31/2019,2848.63,2893.24,2848.63,2892.74,2892.74,16459900000
4/7/2019,2888.46,2910.54,2873.33,2907.41,2907.41,15751420000
4/14/2019,2908.32,2918.00,2891.90,2905.03,2905.03,13599690000
4/21/2019,2898.78,2939.88,2896.35,2939.88,2939.88,16755720000
4/28/2019,2940.58,2954.13,2900.50,2945.64,2945.64,17800970000
5/5/2019,2908.89,2937.32,2825.39,2881.40,2881.40,17602830000
5/12/2019,2840.19,2892.15,2801.43,2859.53,2859.53,16938710000
5/19/2019,2841.94,2868.88,2805.49,2826.06,2826.06,16479450000
5/26/2019,2830.03,2840.51,2750.52,2752.06,2752.06,15076270000
6/2/2019,2751.53,2884.97,2728.81,2873.34,2873.34,17942620000
6/9/2019,2885.83,2910.61,2874.68,2886.98,2886.98,15783900000
6/16/2019,2889.75,2964.15,2887.30,2950.46,2950.46,18441710000
6/23/2019,2951.42,2954.92,2912.99,2941.76,2941.76,18736050000
6/30/2019,2971.41,2995.84,2952.22,2990.41,2990.41,11118040000
7/7/2019,2979.77,3013.92,2963.44,3013.77,3013.77,15216580000
7/14/2019,3017.80,3017.80,2973.09,2976.61,2976.61,15904160000
7/21/2019,2981.93,3027.98,2976.65,3025.86,3025.86,16649220000
7/28/2019,3024.47,3025.61,2914.11,2932.05,2932.05,20098430000
8/4/2019,2898.07,2938.72,2822.12,2918.65,2918.65,20616730000
8/11/2019,2907.07,2943.31,2825.51,2888.68,2888.68,18553910000
8/18/2019,2913.48,2939.08,2834.97,2847.11,2847.11,16118550000
8/25/2019,2866.70,2940.43,2853.05,2926.46,2926.46,15673290000
9/1/2019,2909.01,2985.86,2891.85,2978.71,2978.71,13689030000
9/8/2019,2988.43,3020.74,2957.01,3007.39,3007.39,19633130000
9/15/2019,2996.41,3021.99,2978.57,2992.07,2992.07,20728050000
9/22/2019,2983.50,3007.98,2945.53,2961.79,2961.79,16694510000
9/29/2019,2967.07,2992.53,2855.94,2952.01,2952.01,17212640000
10/6/2019,2944.23,2993.28,2892.66,2970.27,2970.27,15821120000
10/13/2019,2965.81,3008.29,2962.94,2986.20,2986.20,15500580000
10/20/2019,2996.48,3027.39,2991.21,3022.55,3022.55,17251350000
10/27/2019,3032.12,3066.95,3023.19,3066.91,3066.91,18956670000
11/3/2019,3078.96,3097.77,3065.89,3093.08,3093.08,20734960000
11/10/2019,3080.33,3120.46,3075.82,3120.46,3120.46,16622540000
11/17/2019,3117.91,3127.64,3091.41,3110.29,3110.29,18008990000
11/24/2019,3117.44,3154.26,3117.44,3140.98,3140.98,12883230000
12/1/2019,3143.85,3150.60,3070.33,3145.91,3145.91,17452390000
12/8/2019,3141.86,3182.68,3126.09,3168.80,3168.80,17669880000
12/15/2019,3183.63,3225.65,3183.63,3221.22,3221.22,22078130000
12/22/2019,3226.05,3247.93,3220.51,3240.02,3240.02,8946500000
12/29/2019,3240.09,3258.14,3212.03,3234.85,3234.85,12826640000
1/5/2020,3217.55,3282.99,3214.64,3265.35,3265.35,17666700000
1/12/2020,3271.13,3329.88,3268.43,3329.62,3329.62,18071600000
1/19/2020,3321.03,3337.77,3281.53,3295.47,3295.47,15197180000
1/26/2020,3247.16,3293.47,3214.68,3225.52,3225.52,19249400000
2/2/2020,3235.66,3347.96,3235.66,3327.71,3327.71,19469980000
2/9/2020,3318.28,3385.09,3317.77,3380.16,3380.16,18033560000
2/16/2020,3369.04,3393.52,3328.45,3337.75,3337.75,15253460000
2/23/2020,3257.61,3259.81,2855.84,2954.22,2954.22,31535270000
3/1/2020,2974.28,3136.72,2901.54,2972.37,2972.37,29895510000
3/8/2020,2863.89,2882.59,2478.86,2711.02,2711.02,40521170000
3/15/2020,2508.59,2562.98,2280.52,2304.92,2304.92,41887220000
3/22/2020,2290.71,2637.01,2191.86,2541.47,2541.47,37182690000
3/29/2020,2558.98,2641.39,2447.49,2488.65,2488.65,30804590000
4/5/2020,2578.28,2818.57,2574.57,2789.82,2789.82,27169090000
4/12/2020,2782.46,2879.22,2721.17,2874.56,2874.56,27017230000
4/19/2020,2845.62,2868.98,2727.10,2836.74,2836.74,26476650000
4/26/2020,2854.65,2954.86,2821.61,2830.71,2830.71,28763560000
5/3/2020,2815.01,2932.16,2797.85,2929.80,2929.80,24736450000
5/10/2020,2915.46,2945.82,2766.64,2863.70,2863.70,27177120000
5/17/2020,2913.86,2980.29,2913.86,2955.45,2955.45,25246330000
5/24/2020,3004.08,3068.67,2969.75,3044.31,3044.31,24886040000
5/31/2020,3038.78,3211.72,3031.54,3193.93,3193.93,30895920000
6/7/2020,3199.92,3233.13,2984.47,3041.31,3041.31,34241980000
6/14/2020,2993.76,3155.53,2965.66,3097.74,3097.74,28876100000
6/21/2020,3094.42,3154.90,3004.63,3009.05,3009.05,27870950000
6/28/2020,3018.59,3165.81,2999.74,3130.01,3130.01,17793010000
7/5/2020,3155.29,3186.82,3115.70,3185.04,3185.04,23572210000
7/12/2020,3205.08,3238.28,3127.66,3224.73,3224.73,21991770000
7/19/2020,3224.29,3279.99,3200.05,3215.63,3215.63,20959710000
7/26/2020,3219.84,3272.17,3204.13,3271.12,3271.12,22039370000
8/2/2020,3288.26,3352.54,3284.53,3351.28,3351.28,22369880000
8/9/2020,3356.04,3387.89,3326.44,3372.85,3372.85,20016990000
8/16/2020,3380.86,3399.96,3354.69,3397.16,3397.16,18785350000
8/23/2020,3418.09,3509.23,3413.13,3508.01,3508.01,18887790000
8/30/2020,3509.73,3588.11,3349.63,3426.96,3426.96,22040710000
9/6/2020,3371.88,3425.55,3310.47,3340.97,3340.97,16483130000
9/13/2020,3363.56,3428.92,3292.40,3319.47,3319.47,24034260000
9/20/2020,3285.57,3323.35,3209.45,3298.46,3298.46,21547840000
9/27/2020,3333.90,3397.18,3323.69,3348.42,3348.42,20352550000
10/4/2020,3367.27,3482.34,3354.54,3477.14,3477.14,19733380000
10/11/2020,3500.02,3549.85,3440.89,3483.81,3483.81,19268280000
10/18/2020,3493.66,3502.42,3415.34,3465.39,3465.39,19895410000
10/25/2020,3441.42,3441.42,3233.94,3269.96,3269.96,22808450000
11/1/2020,3296.20,3529.05,3279.74,3509.44,3509.44,22988840000
11/8/2020,3583.04,3645.99,3511.91,3585.15,3585.15,28790600000
11/15/2020,3600.16,3628.51,3543.84,3557.54,3557.54,23922170000
11/22/2020,3566.82,3644.31,3552.77,3638.35,3638.35,18984870000
11/29/2020,3634.18,3699.20,3594.39,3699.12,3699.12,26902810000
12/6/2020,3694.73,3712.39,3633.40,3663.46,3663.46,23533560000
12/13/2020,3675.27,3726.70,3645.84,3709.41,3709.41,24265420000
12/20/2020,3684.28,3711.24,3636.48,3703.06,3703.06,14413820000
12/27/2020,3723.03,3760.20,3723.03,3756.07,3756.07,13232200000
1/3/2021,3764.61,3826.69,3662.71,3824.68,3824.68,25484320000
1/10/2021,3803.14,3823.60,3749.62,3768.25,3768.25,24551330000
1/17/2021,3781.88,3861.45,3780.37,3841.47,3841.47,19099620000
1/24/2021,3851.68,3870.90,3694.12,3714.24,3714.24,36413520000
1/31/2021,3731.17,3894.56,3725.62,3886.83,3886.83,25430390000
2/7/2021,3892.59,3937.23,3884.94,3934.83,3934.83,22694360000
2/14/2021,3939.61,3950.43,3885.03,3906.71,3906.71,19353010000
2/21/2021,3885.55,3928.65,3789.54,3811.15,3811.15,31119200000
2/28/2021,3842.51,3914.50,3723.34,3841.94,3841.94,30700830000
3/7/2021,3844.39,3960.27,3819.25,3943.34,3943.34,26945080000
3/14/2021,3942.96,3983.87,3886.75,3913.10,3913.10,25796900000
3/21/2021,3916.48,3978.19,3853.50,3974.54,3974.54,24132360000
3/28/2021,3969.31,4020.63,3943.25,4019.87,4019.87,17439630000
4/4/2021,4034.44,4129.48,4034.44,4128.80,4128.80,19677100000
4/11/2021,4124.71,4191.31,4114.82,4185.47,4185.47,19468590000
4/18/2021,4179.80,4194.17,4118.38,4180.17,4180.17,19795190000
4/25/2021,4185.03,4218.78,4174.85,4181.17,4181.17,19777170000
5/2/2021,4191.98,4238.04,4128.59,4232.60,4232.60,21049220000
5/9/2021,4228.29,4236.39,4056.88,4173.85,4173.85,17946860000
5/16/2021,4169.92,4188.72,4061.41,4155.86,4155.86,16716150000
5/23/2021,4170.16,4218.36,4170.16,4204.11,4204.11,19443140000
5/30/2021,4216.52,4234.12,4167.93,4229.89,4229.89,17050410000
6/6/2021,4229.34,4249.74,4208.41,4247.44,4247.44,18389070000
6/13/2021,4248.31,4257.16,4164.40,4166.45,4166.45,20949640000
6/20/2021,4173.40,4286.12,4173.40,4280.70,4280.70,19163010000
6/27/2021,4284.90,4355.43,4274.67,4352.34,4352.34,15859180000
7/4/2021,4356.46,4371.60,4289.37,4369.55,4369.55,12813860000
7/11/2021,4372.41,4393.68,4322.53,4327.16,4327.16,15756840000
7/18/2021,4296.40,4415.18,4233.13,4411.79,4411.79,17267170000
7/25/2021,4409.58,4429.97,4372.51,4395.26,4395.26,14952430000
8/1/2021,4406.86,4440.82,4373.00,4436.52,4436.52,15182090000
8/8/2021,4437.77,4468.37,4424.74,4468.00,4468.00,13718270000
8/15/2021,4461.65,4480.26,4367.73,4441.67,4441.67,14544990000
8/22/2021,4450.29,4513.33,4450.29,4509.37,4509.37,14124930000
8/29/2021,4513.76,4545.85,4513.76,4535.43,4535.43,14256180000
9/5/2021,4535.38,4535.38,4457.66,4458.58,4458.58,11793790000
9/12/2021,4474.81,4492.99,4427.76,4432.99,4432.99,17763120000
9/19/2021,4402.95,4465.40,4305.91,4455.48,4455.48,15697030000
9/26/2021,4442.12,4457.30,4288.52,4357.04,4357.04,15555390000
10/3/2021,4348.84,4429.97,4278.94,4391.34,4391.34,14795520000
10/10/2021,4385.44,4475.82,4329.92,4471.37,4471.37,13758090000
10/17/2021,4463.72,4559.67,4447.47,4544.90,4544.90,13966070000
10/24/2021,4553.69,4608.08,4537.36,4605.38,4605.38,16206040000
